theta,V_unperturbed
-4.078205923116121,5.2943935
-4.065626973552197,5.4170485
-4.053048023988275,5.538827
-4.040469074424351,5.6596837
-4.027890124860429,5.779574
-4.015311175296505,5.8984504
-4.002732225732583,6.01627
-3.9901532761686584,6.1329885
-3.9775743266047354,6.2485623
-3.9649953770408124,6.36295
-3.9524164274768894,6.47611
-3.9398374779129663,6.588005
-3.9272585283490433,6.6985955
-3.9146795787851203,6.807846
-3.9021006292211973,6.915721
-3.8895216796572742,7.0221868
-3.876942730093351,7.1272125
-3.864363780529428,7.230767
-3.851784830965505,7.3328223
-3.839205881401582,7.4333515
-3.8266269318376582,7.532329
-3.814047982273735,7.6297317
-3.801469032709812,7.7255373
-3.788890083145889,7.8197246
-3.776311133581966,7.912275
-3.763732184018043,8.003171
-3.75115323445412,8.092396
-3.738574284890197,8.179935
-3.725995335326274,8.265777
-3.713416385762351,8.349903
-3.700837436198428,8.432309
-3.688258486634505,8.512984
-3.675679537070582,8.591918
-3.663100587506658,8.669102
-3.650521637942735,8.744529
-3.637942688378812,8.818194
-3.625363738814889,8.890092
-3.612784789250966,8.960216
-3.600205839687043,9.028562
-3.58762689012312,9.095128
-3.575047940559197,9.159909
-3.562468990995274,9.222901
-3.549890041431351,9.284104
-3.5373110918674278,9.343514
-3.524732142303504,9.401129
-3.5121531927395817,9.456944
-3.499574243175658,9.51096
-3.4869952936117348,9.563171
-3.4744163440478117,9.613578
-3.4618373944838887,9.662175
-3.4492584449199657,9.7089615
-3.4366794953560427,9.753934
-3.4241005457921196,9.797089
-3.4115215962281966,9.838422
-3.3989426466642736,9.877931
-3.3863636971003506,9.915611
-3.3737847475364275,9.951461
-3.3612057979725036,9.985473
-3.3486268484085815,10.017646
-3.3360478988446576,10.047975
-3.3234689492807346,10.076455
-3.3108899997168115,10.103081
-3.2983110501528885,10.1278515
-3.2857321005889655,10.150762
-3.2731531510250425,10.171805
-3.2605742014611194,10.190981
-3.2479952518971964,10.208282
-3.2354163023332734,10.223706
-3.2228373527693503,10.23725
-3.2102584032054273,10.24891
-3.1976794536415034,10.258681
-3.1851005040775813,10.266561
-3.1725215545136574,10.272547
-3.1599426049497343,10.276634
-3.1473636553858113,10.278822
-3.1347847058218883,10.279106
-3.1222057562579653,10.277484
-3.1096268066940422,10.273953
-3.097047857130119,10.268511
-3.084468907566196,10.261155
-3.071889958002273,10.251883
-3.05931100843835,10.240691
-3.046732058874427,10.227577
-3.034153109310503,10.212539
-3.021574159746581,10.195575
-3.008995210182657,10.176679
-2.996416260618734,10.155851
-2.983837311054811,10.133088
-2.971258361490888,10.108388
-2.958679411926965,10.081746
-2.946100462363042,10.053162
-2.933521512799119,10.022629
-2.920942563235196,9.990149
-2.908363613671273,9.955715
-2.89578466410735,9.91933
-2.883205714543427,9.880986
-2.870626764979503,9.840684
-2.858047815415581,9.798421
-2.845468865851657,9.754197
-2.832889916287734,9.708011
-2.820310966723811,9.659862
-2.807732017159888,9.60975
-2.795153067595965,9.557678
-2.782574118032042,9.503647
-2.7699951684681188,9.4476595
-2.7574162189041957,9.38972
-2.7448372693402727,9.329834
-2.7322583197763497,9.268008
-2.7196793702124267,9.204249
-2.7071004206485028,9.138567
-2.6945214710845806,9.070975
-2.6819425215206567,9.00148
-2.6693635719567337,8.930102
-2.6567846223928107,8.856854
-2.6442056728288876,8.781756
-2.6316267232649646,8.704827
-2.6190477737010416,8.626088
-2.6064688241371186,8.545564
-2.5938898745731955,8.463282
-2.5813109250092725,8.379268
-2.5687319754453486,8.29355
-2.5561530258814265,8.2061615
-2.5435740763175025,8.117136
-2.5309951267535804,8.0265045
-2.5184161771896565,7.934306
-2.5058372276257335,7.840575
-2.4932582780618104,7.7453547
-2.4806793284978874,7.6486754
-2.4681003789339644,7.5505795
-2.4555214293700414,7.451106
-2.4429424798061183,7.3502965
-2.4303635302421953,7.248187
-2.4177845806782723,7.1448193
-2.4052056311143484,7.040231
-2.3926266815504262,6.934461
-2.3800477319865023,6.827544
-2.36746878242258,6.719517
-2.3548898328586563,6.610416
-2.3423108832947332,6.500272
-2.3297319337308102,6.3891187
-2.317152984166887,6.2769866
-2.304574034602964,6.1639047
-2.291995085039041,6.0499024
-2.279416135475118,5.935004
-2.266837185911195,5.8192363
-2.254258236347272,5.702621
-2.241679286783348,5.5851827
-2.229100337219426,5.466942
-2.216521387655502,5.3479195
-2.203942438091579,5.2281327
-2.191363488527656,5.107602
-2.178784538963733,4.986344
-2.16620558939981,4.864376
-2.153626639835887,4.741715
-2.141047690271964,4.6183743
-2.128468740708041,4.494372
-2.115889791144118,4.369723
-2.103310841580195,4.244441
-2.090731892016272,4.118542
-2.078152942452348,3.9920464
-2.065573992888426,3.8649592
-2.052995043324502,3.7373004
-2.0404160937605798,3.609085
-2.027837144196656,3.4803302
-2.015258194632733,3.3510516
-2.00267924506881,3.2212658
-1.9901002955048868,3.09099
-1.9775213459409637,2.9602416
-1.9649423963770407,2.829039
-1.9523634468131177,2.697401
-1.9397844972491938,2.5653462
-1.9272055476852716,2.432895
-1.9146265981213477,2.3000674
-1.9020476485574256,2.1668844
-1.8894686989935017,2.0333676
-1.8768897494295795,1.8995392
-1.8643107998656556,1.7654226
-1.8517318503017326,1.6310395
-1.8391529007378096,1.496416
-1.8265739511738865,1.3615757
-1.8139950016099635,1.2265433
-1.8014160520460405,1.0913445
-1.7888371024821175,0.95600575
-1.776258152918194,0.8205561
-1.763679203354271,0.6850173
-1.751100253790348,0.549419
-1.738521304226425,0.4137888
-1.725942354662502,0.27815506
-1.7133634050985789,0.14254513
-1.7007844555346554,0.006988667
-1.6882055059707324,-0.1284864
-1.6756265564068094,-0.26385072
-1.6630476068428863,-0.39907646
-1.6504686572789633,-0.534135
-1.6378897077150403,-0.66899645
-1.6253107581511173,-0.80363363
-1.6127318085871938,-0.9380175
-1.6001528590232708,-1.0721203
-1.5875739094593477,-1.2059139
-1.5749949598954247,-1.3393681
-1.5624160103315017,-1.4724623
-1.5498370607675787,-1.6051661
-1.5372581112036552,-1.737455
-1.5246791616397322,-1.8693023
-1.5121002120758091,-2.0006843
-1.499521262511886,-2.1315768
-1.486942312947963,-2.2619562
-1.47436336338404,-2.3918009
-1.461784413820117,-2.5210888
-1.4492054642561936,-2.6498
-1.4366265146922705,-2.7779145
-1.4240475651283475,-2.9054134
-1.4114686155644245,-3.0322795
-1.3988896660005015,-3.1584954
-1.3863107164365784,-3.2840471
-1.373731766872655,-3.408918
-1.361152817308732,-3.5330932
-1.348573867744809,-3.6565645
-1.335994918180886,-3.7793186
-1.3234159686169629,-3.9013448
-1.3108370190530398,-4.0226336
-1.2982580694891164,-4.1431766
-1.2856791199251933,-4.262966
-1.2731001703612703,-4.3819957
-1.2605212207973473,-4.50026
-1.2479422712334243,-4.617753
-1.2353633216695012,-4.734471
-1.2227843721055782,-4.8504114
-1.2102054225416548,-4.965571
-1.1976264729777317,-5.079946
-1.1850475234138087,-5.193537
-1.1724685738498857,-5.306341
-1.1598896242859627,-5.4183555
-1.1473106747220396,-5.5295835
-1.1347317251581162,-5.640023
-1.1221527755941931,-5.7496734
-1.10957382603027,-5.858533
-1.096994876466347,-5.9666023
-1.084415926902424,-6.0738792
-1.071836977338501,-6.1803637
-1.0592580277745776,-6.286053
-1.0466790782106545,-6.3909464
-1.0341001286467315,-6.4950395
-1.0215211790828085,-6.5983315
-1.0089422295188855,-6.700816
-0.9963632799549624,-6.80249
-0.9837843303910394,-6.9033475
-0.9712053808271159,-7.003382
-0.9586264312631929,-7.102585
-0.9460474816992699,-7.20095
-0.9334685321353469,-7.2984686
-0.9208895825714238,-7.3951297
-0.9083106330075008,-7.4909215
-0.8957316834435773,-7.585832
-0.8831527338796543,-7.679849
-0.8705737843157313,-7.772957
-0.8579948347518083,-7.8651423
-0.8454158851878852,-7.956388
-0.8328369356239622,-8.0466795
-0.8202579860600392,-8.135999
-0.8076790364961157,-8.224326
-0.7951000869321927,-8.311646
-0.7825211373682697,-8.397936
-0.7699421878043466,-8.48318
-0.7573632382404236,-8.567353
-0.7447842886765006,-8.650442
-0.7322053391125771,-8.732424
-0.7196263895486541,-8.813277
-0.7070474399847311,-8.892984
-0.694468490420808,-8.971524
-0.681889540856885,-9.048879
-0.669310591292962,-9.125028
-0.656731641729039,-9.199952
-0.6441526921651155,-9.273636
-0.6315737426011925,-9.34606
-0.6189947930372695,-9.41721
-0.6064158434733464,-9.487067
-0.5938368939094234,-9.555619
-0.5812579443455004,-9.622849
-0.5686789947815769,-9.688746
-0.5561000452176539,-9.753297
-0.5435210956537309,-9.816487
-0.5309421460898078,-9.878309
-0.5183631965258848,-9.938752
-0.5057842469619618,-9.997807
-0.4932052973980383,-10.055464
-0.4806263478341153,-10.111716
-0.46804739827019226,-10.166554
-0.45546844870626924,-10.219974
-0.4428894991423462,-10.271968
-0.4303105495784232,-10.322532
-0.41773160001450016,-10.371658
-0.4051526504505767,-10.419346
-0.39257370088665366,-10.465586
-0.37999475132273064,-10.510378
-0.3674158017588076,-10.553716
-0.3548368521948846,-10.595596
-0.34225790263096156,-10.636016
-0.3296789530670381,-10.6749735
-0.31710000350311507,-10.712463
-0.30452105393919204,-10.748483
-0.291942104375269,-10.7830305
-0.279363154811346,-10.816104
-0.26678420524742297,-10.847699
-0.2542052556834995,-10.877814
-0.24162630611957647,-10.906446
-0.22904735655565345,-10.933595
-0.21646840699173042,-10.95926
-0.2038894574278074,-10.983436
-0.19131050786388437,-11.006124
-0.17873155829996135,-11.027322
-0.16615260873603788,-11.04703
-0.15357365917211485,-11.065249
-0.14099470960819183,-11.081977
-0.1284157600442688,-11.097215
-0.11583681048034578,-11.110963
-0.10325786091642275,-11.123221
-0.09067891135249928,-11.133992
-0.07809996178857626,-11.143276
-0.06552101222465323,-11.151076
-0.052942062660730205,-11.157392
-0.04036311309680718,-11.162227
-0.027784163532884154,-11.165584
-0.015205213968961129,-11.167463
-0.0026262644050381034,-11.1678705
0.009952685158884922,-11.166806
0.022531634722807947,-11.164274
0.03511058428673186,-11.160278
0.047689533850654886,-11.154821
0.06026848341457791,-11.147906
0.07284743297850094,-11.139537
0.08542638254242396,-11.129716
0.09800533210634699,-11.118446
0.11058428167027001,-11.105735
0.12316323123419304,-11.09158
0.13574218079811606,-11.07599
0.1483211303620391,-11.058965
0.16090007992596211,-11.04051
0.17347902948988514,-11.020629
0.18605797905380816,-10.999325
0.19863692861773208,-10.976602
0.2112158781816551,-10.952462
0.22379482774557813,-10.926911
0.23637377730950115,-10.899952
0.24895272687342418,-10.87159
0.2615316764373472,-10.841826
0.27411062600127023,-10.810666
0.28668957556519326,-10.778115
0.2992685251291163,-10.744177
0.3118474746930393,-10.708857
0.32442642425696233,-10.672157
0.33700537382088536,-10.634085
0.34958432338480927,-10.594644
0.3621632729487323,-10.55384
0.3747422225126553,-10.511676
0.38732117207657835,-10.468163
0.39990012164050137,-10.423301
0.4124790712044244,-10.377099
0.4250580207683474,-10.329564
0.43763697033227045,-10.280698
0.4502159198961935,-10.23051
0.4627948694601165,-10.179007
0.4753738190240395,-10.126194
0.48795276858796255,-10.072079
0.5005317181518856,-10.016666
0.5131106677158095,-9.959964
0.5256896172797325,-9.90198
0.5382685668436555,-9.842719
0.5508475164075786,-9.782186
0.5634264659715016,-9.720391
0.5760054155354246,-9.657336
0.5885843650993476,-9.593032
0.6011633146632707,-9.527481
0.6137422642271937,-9.4606905
0.6263212137911167,-9.392668
0.6389001633550397,-9.323414
0.6514791129189628,-9.252938
0.6640580624828858,-9.181243
0.6766370120468097,-9.108333
0.6892159616107327,-9.034214
0.7017949111746558,-8.958892
0.7143738607385788,-8.882367
0.7269528103025018,-8.804648
0.7395317598664248,-8.725736
0.7521107094303479,-8.645635
0.7646896589942709,-8.564347
0.7772686085581939,-8.481879
0.7898475581221169,-8.398234
0.80242650768604,-8.3134165
0.815005457249963,-8.2274275
0.827584406813886,-8.140273
0.8401633563778099,-8.051958
0.852742305941733,-7.962484
0.865321255505656,-7.871859
0.877900205069579,-7.7800846
0.890479154633502,-7.687168
0.903058104197425,-7.5931153
0.9156370537613481,-7.497931
0.9282160033252711,-7.4016247
0.9407949528891941,-7.3041997
0.9533739024531172,-7.205666
0.9659528520170402,-7.1060305
0.9785318015809632,-7.005303
0.9911107511448862,-6.903493
1.0036897007088101,-6.800609
1.0162686502727332,-6.6966634
1.0288475998366562,-6.5916667
1.0414265494005792,-6.4856334
1.0540054989645022,-6.3785725
1.0665844485284253,-6.270499
1.0791633980923483,-6.161427
1.0917423476562713,-6.0513716
1.1043212972201943,-5.9403486
1.1169002467841174,-5.828373
1.1294791963480404,-5.715463
1.1420581459119634,-5.6016374
1.1546370954758864,-5.4869103
1.1672160450398104,-5.371302
1.1797949946037334,-5.2548327
1.1923739441676564,-5.1375213
1.2049528937315794,-5.0193877
1.2175318432955025,-4.9004545
1.2301107928594255,-4.78074
1.2426897424233485,-4.6602674
1.2552686919872715,-4.5390577
1.2678476415511946,-4.417135
1.2804265911151176,-4.294518
1.2930055406790406,-4.1712327
1.3055844902429636,-4.0473
1.3181634398068875,-3.9227438
1.3307423893708106,-3.7975872
1.3433213389347336,-3.671853
1.3559002884986566,-3.5455637
1.3684792380625797,-3.4187443
1.3810581876265027,-3.2914155
1.3936371371904257,-3.1636019
1.4062160867543487,-3.035326
1.4187950363182718,-2.906611
1.4313739858821948,-2.777478
1.4439529354461178,-2.6479502
1.4565318850100408,-2.5180495
1.4691108345739639,-2.3877983
1.4816897841378878,-2.2572165
1.4942687337018108,-2.1263258
1.5068476832657338,-1.9951462
1.5194266328296568,-1.8636992
1.5320055823935799,-1.7320037
1.544584531957503,-1.6000781
1.557163481521426,-1.467943
1.569742431085349,-1.3356158
1.582321380649272,-1.2031131
1.594900330213195,-1.0704535
1.607479279777118,-0.9376528
1.620058229341041,-0.80472827
1.632637178904964,-0.6716941
1.645216128468888,-0.53856456
1.657795078032811,-0.4053551
1.670374027596734,-0.27207935
1.682952977160657,-0.13874924
1.69553192672458,-0.0053783134
1.708110876288503,0.12802225
1.7206898258524261,0.26144135
1.7332687754163492,0.39486766
1.7458477249802722,0.52829117
1.7584266745441952,0.66170216
1.7710056241081182,0.7950915
1.7835845736720413,0.92845
1.7961635232359643,1.061769
1.8087424727998882,1.1950411
1.8213214223638112,1.3282565
1.8339003719277343,1.4614078
1.8464793214916573,1.5944868
1.8590582710555803,1.7274854
1.8716372206195033,1.8603941
1.8842161701834264,1.993206
1.8967951197473494,2.12591
1.9093740693112724,2.258497
1.9219530188751954,2.3909552
1.9345319684391185,2.5232744
1.9471109180030415,2.6554403
1.9596898675669654,2.7874393
1.9722688171308884,2.9192567
1.9848477666948114,3.0508745
1.9974267162587345,3.1822755
2.0100056658226575,3.313439
2.0225846153865805,3.4443417
2.0351635649505035,3.5749614
2.0477425145144266,3.705271
2.0603214640783496,3.8352432
2.0729004136422726,3.964848
2.0854793632061956,4.094053
2.0980583127701187,4.2228246
2.1106372623340417,4.3511267
2.1232162118979656,4.4789224
2.1357951614618886,4.606171
2.1483741110258117,4.7328334
2.1609530605897347,4.858866
2.1735320101536577,4.9842267
2.1861109597175807,5.108871
2.1986899092815038,5.2327533
2.211268858845427,5.3558292
2.22384780840935,5.4780517
2.236426757973273,5.5993752
2.249005707537196,5.7197537
2.261584657101119,5.8391423
2.274163606665042,5.957496
2.286742556228966,6.07477
2.299321505792889,6.1909204
2.311900455356812,6.305907
2.324479404920735,6.4196863
2.337058354484658,6.5322185
2.349637304048581,6.643466
2.362216253612504,6.7533913
2.374795203176427,6.8619576
2.38737415274035,6.969132
2.399953102304273,7.0748816
2.412532051868196,7.179175
2.425111001432119,7.281983
2.437689950996042,7.3832784
2.450268900559966,7.483035
2.462847850123889,7.5812283
2.475426799687812,7.677834
2.488005749251735,7.7728333
2.500584698815658,7.866204
2.513163648379581,7.95793
2.525742597943504,8.047992
2.5383215475074272,8.136376
2.5509004970713502,8.223067
2.5634794466352733,8.308054
2.5760583961991963,8.391324
2.5886373457631193,8.472865
2.6012162953270423,8.5526705
2.6137952448909663,8.63073
2.6263741944548893,8.707036
2.6389531440188123,8.781583
2.6515320935827353,8.854364
2.6641110431466584,8.925376
2.6766899927105814,8.994612
2.6892689422745044,9.062067
2.7018478918384274,9.127742
2.7144268414023505,9.19163
2.7270057909662735,9.253728
2.7395847405301965,9.314034
2.7521636900941195,9.372546
2.7647426396580426,9.429261
2.7773215892219665,9.484178
2.7899005387858895,9.537292
2.8024794883498125,9.588599
2.8150584379137356,9.638103
2.8276373874776586,9.685795
2.8402163370415816,9.731674
2.8527952866055046,9.775739
2.8653742361694277,9.817983
2.8779531857333507,9.858405
2.8905321352972737,9.896999
2.9031110848611967,9.933764
2.9156900344251198,9.968696
2.9282689839890437,10.00179
2.9408479335529667,10.033041
2.9534268831168897,10.062446
2.9660058326808127,10.089999
2.9785847822447358,10.115699
2.991163731808659,10.139541
3.003742681372582,10.161517
3.016321630936505,10.181628
3.028900580500428,10.199865
3.041479530064351,10.216229
3.054058479628274,10.230714
3.066637429192197,10.243316
3.07921637875612,10.254032
3.091795328320044,10.262858
3.104374277883967,10.26979
3.11695322744789,10.274828
3.129532177011813,10.277966
3.142111126575736,10.279202
3.154690076139659,10.278533
3.167269025703582,10.275958
3.179847975267505,10.271472
3.192426924831428,10.265073
3.205005874395351,10.256758
3.217584823959274,10.246527
3.230163773523197,10.234374
3.24274272308712,10.220299
3.255321672651044,10.204297
3.267900622214967,10.186368
3.28047957177889,10.166507
3.293058521342813,10.144712
3.305637470906736,10.12098
3.3182164204706592,10.09531
3.3307953700345823,10.067698
3.3433743195985053,10.038139
3.3559532691624283,10.006633
3.3685322187263513,9.973176
3.3811111682902744,9.937766
3.3936901178541974,9.900401
3.4062690674181204,9.861079
3.4188480169820443,9.819797
3.4314269665459673,9.776553
3.4440059161098904,9.731349
3.4565848656738134,9.68418
3.4691638152377364,9.635051
3.4817427648016595,9.583959
3.4943217143655825,9.530907
3.5069006639295055,9.475898
3.5194796134934285,9.418934
3.5320585630573516,9.360021
3.5446375126212746,9.299163
3.5572164621851976,9.236369
3.5697954117491215,9.171648
3.5823743613130445,9.105009
3.5949533108769676,9.036464
3.6075322604408906,8.966026
3.6201112100048136,8.893711
3.6326901595687366,8.819536
3.6452691091326597,8.743519
3.6578480586965827,8.665683
3.6704270082605057,8.586049
3.6830059578244287,8.504642
3.6955849073883518,8.421491
3.708163856952275,8.336621
3.720742806516198,8.250064
3.7333217560801217,8.161853
3.7459007056440448,8.07202
3.758479655207968,7.980601
3.771058604771891,7.887631
3.783637554335814,7.7931485
3.796216503899737,7.697193
3.80879545346366,7.5998006
3.821374403027583,7.5010114
3.833953352591506,7.400864
3.846532302155429,7.2994003
3.859111251719352,7.1966577
3.871690201283275,7.0926743
3.884269150847198,6.987491
3.896848100411122,6.881142
3.909427049975045,6.773667
3.922005999538968,6.6650977
3.93458494910289,6.555471
3.947163898666814,6.444819
3.959742848230736,6.3331723
3.97232179779466,6.2205625
3.984900747358584,6.107017
3.997479696922506,5.9925637
4.01005864648643,5.8772273
4.022637596050352,5.7610335
4.035216545614276,5.644005
4.047795495178198,5.5261617
4.060374444742122,5.4075274
4.072953394306044,5.2881207
4.085532343869968,5.16796
4.09811129343389,5.0470643
4.110690242997814,4.925449
4.123269192561736,4.8031325
4.13584814212566,4.68013
4.148427091689584,4.5564575
4.161006041253506,4.4321294
4.17358499081743,4.307162
4.186163940381352,4.1815696
4.198742889945276,4.0553694
4.211321839509198,3.9285734
4.223900789073122,3.801198
4.236479738637044,3.673259
4.249058688200968,3.544773
4.26163763776489,3.4157536
4.274216587328814,3.2862196
4.286795536892736,3.1561863
4.29937448645666,3.025672
4.311953436020584,2.8946948
4.324532385584506,2.7632716
4.33711133514843,2.6314228
4.349690284712352,2.499167
4.362269234276276,2.3665278
4.374848183840198,2.2335193
4.387427133404122,2.100167
4.400006082968044,1.9664922
4.412585032531968,1.8325163
4.42516398209589,1.6982641
4.437742931659814,1.5637573
4.450321881223736,1.4290218
4.46290083078766,1.2940825
4.475479780351584,1.1589636
4.488058729915506,1.0236919
4.50063767947943,0.8882926
4.513216629043352,0.75279367
4.525795578607276,0.61722183
4.5383745281711985,0.48160368
4.550953477735122,0.34596857
4.5635324272990445,0.21034569
4.576111376862968,0.07475933
4.588690326426891,-0.060760237
4.6012692759908145,-0.19618303
4.613848225554737,-0.331482
4.6264271751186605,-0.46662736
4.639006124682584,-0.60159093
4.651585074246507,-0.7363442
4.6641640238104305,-0.8708582
4.676742973374353,-1.0051045
4.6893219229382765,-1.1390563
4.701900872502199,-1.2726852
4.714479822066123,-1.405964
4.727058771630045,-1.5388665
4.739637721193969,-1.6713662
4.752216670757891,-1.8034375
4.764795620321815,-1.9350525
4.777374569885739,-2.0661926
4.789953519449661,-2.196831
4.802532469013585,-2.3269458
4.815111418577507,-2.4565148
4.827690368141431,-2.5855172
4.840269317705353,-2.713932
4.852848267269277,-2.841741
4.865427216833199,-2.968926
4.878006166397123,-3.095469
4.890585115961045,-3.2213547
4.903164065524969,-3.3465676
4.915743015088891,-3.471094
4.928321964652815,-3.5949197
4.940900914216739,-3.7180343
4.953479863780661,-3.840425
4.966058813344585,-3.9620814
4.978637762908507,-4.0829988
4.991216712472431,-4.203165
5.003795662036353,-4.3225756
5.016374611600277,-4.4412227
5.028953561164199,-4.559102
5.041532510728123,-4.6762085
5.054111460292045,-4.792538
5.066690409855969,-4.9080877
5.079269359419891,-5.0228558
5.091848308983815,-5.136839
5.104427258547739,-5.2500367
5.117006208111661,-5.3624473
5.129585157675585,-5.47407
5.142164107239507,-5.5849037
5.154743056803431,-5.6949487
5.167322006367353,-5.8042035
5.179900955931277,-5.9126654
5.192479905495199,-6.0203385
5.205058855059123,-6.1272197
5.217637804623045,-6.2333074
5.230216754186969,-6.3385987
5.242795703750891,-6.443092
5.255374653314815,-6.546785
5.267953602878739,-6.649675
5.280532552442661,-6.7517543
5.293111502006585,-6.853021
5.3056904515705074,-6.953468
5.318269401134431,-7.0530887
5.3308483506983535,-7.151874
5.343427300262277,-7.2498174
5.3560062498261996,-7.3469086
5.3685851993901235,-7.4431357
5.381164148954046,-7.538487
5.3937430985179695,-7.632952
5.406322048081892,-7.7265167
5.418900997645816,-7.8191657
5.4314799472097395,-7.9108834
5.444058896773662,-8.001655
5.4566378463375855,-8.091462
5.469216795901508,-8.180287
5.481795745465432,-8.268113
5.494374695029354,-8.35492
5.506953644593278,-8.44069
5.5195325941572,-8.525402
5.532111543721124,-8.609036
5.544690493285046,-8.691574
5.55726944284897,-8.772994
5.569848392412892,-8.853276
5.582427341976816,-8.932401
5.59500629154074,-9.01035
5.607585241104662,-9.087105
5.620164190668586,-9.162643
5.632743140232508,-9.23695
5.645322089796432,-9.310006
5.657901039360354,-9.381795
5.670479988924278,-9.4523
5.6830589384882,-9.521507
5.695637888052124,-9.5894
5.708216837616046,-9.655965
5.72079578717997,-9.72119
5.733374736743892,-9.785063
5.745953686307816,-9.847571
5.75853263587174,-9.908705
5.771111585435662,-9.968454
5.783690534999586,-10.026811
5.796269484563508,-10.083766
5.808848434127432,-10.139312
5.821427383691354,-10.193441
5.834006333255278,-10.246149
5.8465852828192,-10.297429
5.859164232383124,-10.347275
5.871743181947046,-10.395682
5.88432213151097,-10.442646
5.896901081074892,-10.488163
5.909480030638816,-10.5322275
5.92205898020274,-10.574838
5.934637929766662,-10.615989
5.947216879330586,-10.655679
5.959795828894508,-10.693901
5.972374778458432,-10.730658
5.984953728022354,-10.765942
5.997532677586278,-10.799752
6.0101116271502,-10.832086
6.022690576714124,-10.862941
6.0352695262780465,-10.892314
6.04784847584197,-10.920207
6.0604274254058925,-10.946614
6.073006374969816,-10.971533
6.08558532453374,-10.9949665
6.0981642740976625,-11.01691
6.110743223661586,-11.037364
6.1233221732255085,-11.056327
6.1359011227894324,-11.0738
6.148480072353355,-11.089783
6.1610590219172785,-11.104276
6.173637971481201,-11.117278
6.1862169210451246,-11.128793
6.198795870609047,-11.13882
6.211374820172971,-11.147362
6.223953769736893,-11.15442
6.236532719300817,-11.159994
6.249111668864741,-11.16409
6.261690618428663,-11.166707
6.274269567992587,-11.167851
6.286848517556509,-11.167521
6.299427467120433,-11.165724
6.312006416684355,-11.16246
6.324585366248279,-11.157733
6.337164315812201,-11.151547
6.349743265376125,-11.143903
6.362322214940047,-11.134807
6.374901164503971,-11.124263
6.387480114067893,-11.112269
6.400059063631817,-11.098837
6.412638013195741,-11.083964
6.425216962759663,-11.0676565
6.437795912323587,-11.049916
6.450374861887509,-11.030747
6.462953811451433,-11.010156
6.475532761015355,-10.988139
6.488111710579279,-10.964707
6.500690660143201,-10.939863
6.513269609707125,-10.913608
6.525848559271047,-10.885947
6.538427508834971,-10.856883
6.551006458398895,-10.826421
6.563585407962817,-10.794566
6.576164357526741,-10.76132
6.588743307090663,-10.72669
6.601322256654587,-10.690679
6.613901206218509,-10.653293
6.626480155782433,-10.614535
6.639059105346355,-10.57441
6.651638054910279,-10.532927
6.664217004474201,-10.490088
6.676795954038125,-10.445901
6.689374903602047,-10.400368
6.701953853165971,-10.3534975
6.714532802729895,-10.305296
6.727111752293817,-10.255769
6.739690701857741,-10.204923
6.752269651421663,-10.152764
6.764848600985587,-10.0992985
6.777427550549509,-10.044534
6.790006500113433,-9.988476
6.8025854496773555,-9.931131
6.815164399241279,-9.872508
6.8277433488052015,-9.81261
6.840322298369125,-9.751446
6.852901247933048,-9.689019
6.8654801974969715,-9.625339
6.878059147060895,-9.560411
6.8906380966248175,-9.494241
6.903217046188741,-9.426831
6.915795995752664,-9.358195
6.9283749453165875,-9.288329
6.94095389488051,-9.217243
6.9535328444444335,-9.14494
6.966111794008356,-9.071425
6.97869074357228,-8.996704
6.991269693136202,-8.92078
7.003848642700126,-8.843658
7.016427592264048,-8.765342
7.029006541827972,-8.685834
7.041585491391896,-8.605139
7.054164440955818,-8.523262
7.066743390519742,-8.440206
7.079322340083664,-8.355972
7.091901289647588,-8.270568
7.10448023921151,-8.183996
7.117059188775434,-8.096259
7.129638138339356,-8.007364
7.14221708790328,-7.917314
7.154796037467202,-7.826114
7.167374987031126,-7.733768
7.179953936595048,-7.640283
7.192532886158972,-7.545664
7.205111835722896,-7.4499173
7.217690785286818,-7.3530498
7.230269734850742,-7.2550697
7.242848684414664,-7.155984
7.255427633978588,-7.0558014
7.26800658354251,-6.9545307
7.280585533106434,-6.852183
7.293164482670356,-6.7487674
7.30574343223428,-6.6442943
7.318322381798202,-6.538781
7.330901331362126,-6.4322314
7.343480280926048,-6.3246627
7.356059230489972,-6.2160883
7.368638180053896,-6.106522
7.381217129617818,-5.9959817
7.393796079181742,-5.8844805
7.406375028745664,-5.7720356
7.418953978309588,-5.658665
7.43153292787351,-5.5443854
7.444111877437434,-5.429216
7.456690827001356,-5.3131742
7.46926977656528,-5.1962814
7.481848726129202,-5.0785565
7.494427675693126,-4.9600205
7.507006625257048,-4.840694
7.519585574820972,-4.7205973
7.532164524384896,-4.5997534
7.544743473948818,-4.4781837
7.557322423512742,-4.3559113
7.569901373076664,-4.232957
7.582480322640588,-4.109345
7.5950592722045105,-3.985098
7.607638221768434,-3.8602378
7.6202171713323565,-3.7347894
7.6327961208962805,-3.608775
7.645375070460203,-3.482218
7.6579540200241265,-3.3551404
7.670532969588049,-3.2275662
7.683111919151973,-3.0995188
7.6956908687158965,-2.97102
7.708269818279819,-2.8420928
7.7208487678437425,-2.7127597
7.733427717407665,-2.5830476
7.746006666971589,-2.4529686
7.758585616535511,-2.3225489
7.771164566099435,-2.1918101
7.783743515663357,-2.0607727
7.796322465227281,-1.9294566
7.808901414791203,-1.7978824
7.821480364355127,-1.6660694
7.834059313919049,-1.5340371
7.846638263482973,-1.4018035
7.859217213046897,-1.2693859
7.871796162610819,-1.136803
7.884375112174743,-1.0040704
7.896954061738665,-0.87120605
7.909533011302589,-0.7382237
7.922111960866511,-0.60514015
7.934690910430435,-0.4719693
7.947269859994357,-0.33872402
7.959848809558281,-0.20541966
7.972427759122203,-0.07206745
7.985006708686127,0.06131994
7.997585658250051,0.1947316
8.010164607813973,0.32815516
8.022743557377897,0.46158212
8.035322506941819,0.59500057
8.047901456505743,0.72840184
8.060480406069665,0.86177695
8.073059355633589,0.9951173
8.085638305197511,1.1284132
8.098217254761435,1.2616583
8.110796204325357,1.3948431
8.123375153889281,1.527959
8.135954103453203,1.6609939
8.148533053017127,1.7939487
8.161112002581051,1.9268107
8.173690952144973,2.0595698
8.186269901708897,2.1922166
8.19884885127282,2.324741
8.211427800836743,2.4571314
8.224006750400665,2.589376
8.23658569996459,2.7214603
8.249164649528511,2.8533704
8.261743599092435,2.9850905
8.274322548656357,3.1166027
8.286901498220281,3.2478876
8.299480447784203,3.378924
8.312059397348127,3.509688
8.324638346912051,3.6401565
8.337217296475973,3.7703009
8.349796246039897,3.9000936
8.36237519560382,4.029503
8.374954145167743,4.1584954
8.387533094731666,4.2870374
8.40011204429559,4.4150906
8.412690993859512,4.542618
8.425269943423435,4.669579
8.437848892987358,4.795932
8.450427842551282,4.921634
8.463006792115204,5.046643
8.475585741679128,5.1709123
8.488164691243052,5.294397
