theta,delta_V_true,delta_V_dvnet,delta_V_lora
-3.133839393980912,0.423546339306743,0.3867218,0.3867218
-3.121247840259109,0.5002852351343351,0.38323325,0.38323325
-3.1086562865373066,0.5734837025395952,0.38178176,0.38178176
-3.0960647328155044,0.6426707867760827,0.3821413,0.3821413
-3.0834731790937013,0.7074013421068926,0.38395613,0.38395613
-3.0708816253718982,0.7672588958468134,0.38675898,0.38675898
-3.058290071650095,0.8218583279237547,0.38998336,0.38998336
-3.045698517928293,0.8708483487192072,0.3929674,0.3929674
-3.03310696420649,0.9139137592455499,0.39499396,0.39499396
-3.0205154104846876,0.9507774791182587,0.3953001,0.3953001
-3.0079238567628845,0.9812023292752475,0.39310092,0.39310092
-2.9953323030410814,1.004992557973351,0.38762492,0.38762492
-2.9827407493192784,1.0219951002438423,0.37814158,0.37814158
-2.970149195597476,1.0321005627036652,0.36399573,0.36399573
-2.957557641875673,1.0352439273861997,0.34464854,0.34464854
-2.944966088153871,1.0314049700631323,0.31969756,0.31969756
-2.9323745344320677,1.0206083903659806,0.28891104,0.28891104
-2.9197829807102647,1.0029236528700844,0.252248,0.252248
-2.9071914269884624,0.9784645401635036,0.20984763,0.20984763
-2.8945998732666594,0.9473884207763593,0.16203421,0.16203421
-2.882008319544857,0.9098952366807422,0.109265506,0.109265506
-2.869416765823054,0.8662262168754868,0.05211848,0.05211848
-2.856825212101251,0.8166623253326459,-0.008784115,-0.008784115
-2.844233658379448,0.7615224532913598,-0.072805226,-0.072805226
-2.8316421046576457,0.7011613675299131,-0.13933355,-0.13933355
-2.8190505509358426,0.6359674278165771,-0.20782644,-0.20782644
-2.8064589972140404,0.566360088225135,-0.2778023,-0.2778023
-2.7938674434922373,0.49278719839136886,-0.34884435,-0.34884435
-2.781275889770434,0.4157221220741904,-0.42058164,-0.42058164
-2.768684336048632,0.3356606915603027,-0.49266988,-0.49266988
-2.756092782326829,0.25311801750766644,-0.56475335,-0.56475335
-2.7435012286050267,0.16862517475306932,-0.63644105,-0.63644105
-2.7309096748832236,0.08272578540699535,-0.70730287,-0.70730287
-2.7183181211614205,-0.004027478779858658,-0.77684766,-0.77684766
-2.7057265674396174,-0.09107645227497282,-0.8445175,-0.8445175
-2.693135013717815,-0.1778610669690839,-0.90971357,-0.90971357
-2.680543459996012,-0.2638229556223233,-0.97180635,-0.97180635
-2.66795190627421,-0.3484090443670165,-1.0301559,-1.0301559
-2.6553603525524068,-0.4310751111533206,-1.0841453,-1.0841453
-2.6427687988306037,-0.5112892872426817,-1.1332042,-1.1332042
-2.6301772451088006,-0.5885354792208382,-1.1768415,-1.1768415
-2.6175856913869984,-0.6623166895132993,-1.2146623,-1.2146623
-2.6049941376651953,-0.7321582140392738,-1.2463982,-1.2463982
-2.592402583943393,-0.7976106964305034,-1.2719109,-1.2719109
-2.57981103022159,-0.8582530191644394,-1.2912004,-1.2912004
-2.567219476499787,-0.9136950130102305,-1.3044107,-1.3044107
-2.5546279227779847,-0.9635799673552083,-1.3118045,-1.3118045
-2.5420363690561816,-1.0075869252605567,-1.3137691,-1.3137691
-2.5294448153343794,-1.0454327484798474,-1.3107698,-1.3107698
-2.5168532616125763,-1.0768739391543178,-1.3033493,-1.3033493
-2.504261707890773,-1.1017082064641295,-1.2920868,-1.2920868
-2.49167015416897,-1.1197757681559304,-1.2775762,-1.2775762
-2.479078600447168,-1.1309603785727123,-1.2603934,-1.2603934
-2.466487046725365,-1.1351900765717156,-1.2410767,-1.2410767
-2.4538954930035626,-1.1324376485182925,-1.2201021,-1.2201021
-2.4413039392817595,-1.122720803376878,-1.197861,-1.197861
-2.4287123855599564,-1.1061020587725268,-1.1746438,-1.1746438
-2.416120831838154,-1.0826883387560966,-1.1506331,-1.1506331
-2.403529278116351,-1.0526302858610204,-1.1258867,-1.1258867
-2.390937724394549,-1.016121291877891,-1.1003463,-1.1003463
-2.378346170672746,-0.9733962535827394,-1.0738323,-1.0738323
-2.3657546169509427,-0.924730061424649,-1.0460618,-1.0460618
-2.3531630632291396,-0.8704358308963438,-1.0166585,-1.0166585
-2.3405715095073374,-0.8108628879670492,-0.985174,-0.985174
-2.3279799557855343,-0.7463945215391995,-0.9511145,-0.9511145
-2.315388402063732,-0.6774455173896228,-0.9139665,-0.9139665
-2.302796848341929,-0.6044594894615783,-0.8732279,-0.8732279
-2.290205294620126,-0.5279060256780872,-0.828451,-0.828451
-2.277613740898323,-0.4482776666401156,-0.7792724,-0.7792724
-2.2650221871765206,-0.36608673664857105,-0.725467,-0.725467
-2.2524306334547175,-0.2818620474390749,-0.666992,-0.666992
-2.2398390797329153,-0.19614549583758403,-0.6040395,-0.6040395
-2.227247526011112,-0.10948857722720853,-0.53707343,-0.53707343
-2.214655972289309,-0.022448837258545858,-0.4668687,-0.4668687
-2.202064418567507,0.06441371536711527,-0.3945139,-0.3945139
-2.189472864845704,0.1505402119617189,-0.32138616,-0.32138616
-2.1768813111239016,0.23537651957952851,-0.24907905,-0.24907905
-2.1642897574020985,0.3183768062768041,-0.17932063,-0.17932063
-2.1516982036802954,0.3990070529632236,-0.11383754,-0.11383754
-2.1391066499584923,0.47674848925014324,-0.054246724,-0.054246724
-2.12651509623669,0.5511009311895527,-0.0019419789,-0.0019419789
-2.113923542514887,0.621585999428965,0.04197949,0.04197949
-2.101331988793085,0.6877501970767347,0.07674998,0.07674998
-2.0887404350712817,0.7491678274751199,0.1019308,0.1019308
-2.0761488813494786,0.8054437331081623,0.11738509,0.11738509
-2.0635573276276755,0.8562158380225281,0.12322849,0.12322849
-2.0509657739058733,0.9011574774034447,0.11978358,0.11978358
-2.038374220184071,0.9399794993174158,0.10752934,0.10752934
-2.025782666462268,0.972432125099192,0.0870623,0.0870623
-2.013191112740465,0.9983065564133914,0.05906242,0.05906242
-2.000599559018662,1.0174363186510378,0.02427429,0.02427429
-1.9880080052968596,1.0296983320176547,-0.016511977,-0.016511977
-1.9754164515750565,1.0350137034216165,-0.062473357,-0.062473357
-1.9628248978532543,1.0333482340677766,-0.11276227,-0.11276227
-1.9502333441314512,1.0247126394905581,-0.16651827,-0.16651827
-1.9376417904096481,1.0091624806108204,-0.22288018,-0.22288018
-1.925050236687845,0.9867978062600754,-0.28100115,-0.28100115
-1.9124586829660428,0.9577625094720393,-0.340061,-0.340061
-1.8998671292442406,0.9222434016830905,-0.39929014,-0.39929014
-1.8872755755224375,0.8804690107981893,-0.45798236,-0.45798236
-1.8746840218006344,0.8327081108554355,-0.51551086,-0.51551086
-1.8620924680788313,0.779267992749295,-0.5713447,-0.5713447
-1.8495009143570291,0.7204924871385928,-0.62505704,-0.62505704
-1.836909360635226,0.6567597522597329,-0.67633325,-0.67633325
-1.8243178069134238,0.5884798408782946,-0.7249666,-0.7249666
-1.8117262531916207,0.5160920620329931,-0.7708579,-0.7708579
-1.7991346994698176,0.4400621545465188,-0.81400394,-0.81400394
-1.7865431457480145,0.36087929048861245,-0.85449034,-0.85449034
-1.7739515920262123,0.279052927870998,-0.89247555,-0.89247555
-1.7613600383044101,0.19510953282370322,-0.928172,-0.928172
-1.748768484582607,0.10958919234213532,-0.96183443,-0.96183443
-1.736176930860804,0.023042139398320456,-0.9937392,-0.9937392
-1.7235853771390008,-0.0639747872265569,-1.0241711,-1.0241711
-1.7109938234171977,-0.150901725610961,-1.0534008,-1.0534008
-1.6984022696953955,-0.23717939281253492,-1.0816765,-1.0816765
-1.6858107159735933,-0.32225268326253137,-1.1092052,-1.1092052
-1.6732191622517902,-0.40557424028324063,-1.1361408,-1.1361408
-1.6606276085299871,-0.4866079777494819,-1.162575,-1.162575
-1.648036054808184,-0.5648325292360427,-1.1885275,-1.1885275
-1.6354445010863818,-0.6397446024593914,-1.2139452,-1.2139452
-1.6228529473645787,-0.7108622174314208,-1.2387011,-1.2387011
-1.6102613936427765,-0.7777278074910344,-1.2625945,-1.2625945
-1.5976698399209734,-0.839911163261893,-1.2853653,-1.2853653
-1.5850782861991703,-0.8970122005948514,-1.3066983,-1.3066983
-1.5724867324773673,-0.9486635346864836,-1.3262455,-1.3262455
-1.559895178755565,-0.9945328438118495,-1.3436322,-1.3436322
-1.5473036250337628,-1.0343250074634578,-1.3584862,-1.3584862
-1.5347120713119597,-1.0677840051396885,-1.3704436,-1.3704436
-1.5221205175901567,-1.0946945635660361,-1.3791709,-1.3791709
-1.5095289638683536,-1.1148835417510343,-1.3843749,-1.3843749
-1.4969374101465514,-1.1282210449654742,-1.3858187,-1.3858187
-1.4843458564247483,-1.1346212604776535,-1.3833172,-1.3833172
-1.471754302702946,-1.1340430096675738,-1.376751,-1.376751
-1.459162748981143,-1.1264900129678241,-1.3660583,-1.3660583
-1.4465711952593399,-1.1120108659265318,-1.3512397,-1.3512397
-1.4339796415375368,-1.090698726546388,-1.3323474,-1.3323474
-1.4213880878157354,-1.0626907159114005,-1.3094819,-1.3094819
-1.4087965340939324,-1.0281670359576753,-1.2827864,-1.2827864
-1.3962049803721293,-0.9873498100645065,-1.2524383,-1.2524383
-1.3836134266503262,-0.9405016539252612,-1.218643,-1.218643
-1.371021872928523,-0.8879239858930563,-1.1816313,-1.1816313
-1.35843031920672,-0.8299550876723382,-1.1416476,-1.1416476
-1.3458387654849169,-0.7669679278337747,-1.0989549,-1.0989549
-1.3332472117631156,-0.6993677621558434,-1.0538237,-1.0538237
-1.3206556580413125,-0.6275895262323304,-1.006532,-1.006532
-1.3080641043195094,-0.5520950371216866,-0.9573634,-0.9573634
-1.2954725505977063,-0.47337002204249157,-0.90660936,-0.90660936
-1.2828809968759032,-0.3919209932323607,-0.85456306,-0.85456306
-1.2702894431541019,-0.3082719890772324,-0.80152255,-0.80152255
-1.2576978894322988,-0.22296120247836623,-0.7477849,-0.7477849
-1.2451063357104957,-0.13653751815010995,-0.69365865,-0.69365865
-1.2325147819886926,-0.049556981127044056,-0.63944703,-0.63944703
-1.2199232282668895,0.03742078079790926,-0.58546335,-0.58546335
-1.2073316745450882,0.12383615768663878,-0.5320199,-0.5320199
-1.194740120823285,0.20913315795417695,-0.4794305,-0.4794305
-1.182148567101482,0.29276298558664143,-0.42801315,-0.42801315
-1.1695570133796789,0.3741875710633991,-0.37808686,-0.37808686
-1.1569654596578758,0.4528830332655295,-0.3299678,-0.3299678
-1.1443739059360745,0.5283430500969246,-0.28396827,-0.28396827
-1.1317823522142696,0.6000821161317069,-0.24039537,-0.24039537
-1.1191907984924683,0.6676386663282142,-0.19954568,-0.19954568
-1.1065992447706652,0.7305780457121803,-0.16170627,-0.16170627
-1.094007691048862,0.7884953059218351,-0.12714273,-0.12714273
-1.081416137327059,0.8410178106225168,-0.09610206,-0.09610206
-1.068824583605256,0.8878076330274935,-0.0688017,-0.0688017
-1.0562330298834546,0.9285637300995487,-0.045434296,-0.045434296
-1.0436414761616515,0.9630238794446596,-0.026151478,-0.026151478
-1.0310499224398484,0.9909663664358267,-0.011073887,-0.011073887
-1.0184583687180453,1.012211410712307,-0.0002811551,-0.0002811551
-1.0058668149962422,1.026622322876151,0.0061861873,0.0061861873
-0.9932752612744409,1.0341063839439595,0.008325279,0.008325279
-0.9806837075526378,1.034615441895515,0.006167114,0.006167114
-0.9680921538308347,1.0281462214811143,-0.00022631884,-0.00022631884
-0.9555006001090316,1.0147403452943446,-0.010761082,-0.010761082
-0.9429090463872285,0.994484065974696,-0.025323212,-0.025323212
-0.9303174926654272,0.9675077112630271,-0.043782055,-0.043782055
-0.9177259389436223,0.9339848454803222,-0.065985024,-0.065985024
-0.905134385221821,0.8941311528248416,-0.091771424,-0.091771424
-0.8925428315000179,0.8482030496722771,-0.12095767,-0.12095767
-0.8799512777782148,0.7964960348075355,-0.15335017,-0.15335017
-0.8673597240564117,0.7393427882024555,-0.18873006,-0.18873006
-0.8547681703346086,0.6771110305719302,-0.22685653,-0.22685653
-0.8421766166128073,0.6102011574799008,-0.26745826,-0.26745826
-0.8295850628910042,0.5390436632171959,-0.3102358,-0.3102358
-0.8169935091692011,0.4640963710259771,-0.35486013,-0.35486013
-0.804401955447398,0.38584148749118835,-0.40097696,-0.40097696
-0.7918104017255949,0.30478250005101715,-0.44821054,-0.44821054
-0.7792188480037936,0.22144093758756986,-0.4961775,-0.4961775
-0.7666272942819905,0.13635301493987179,-0.5444935,-0.5444935
-0.7540357405601874,0.05006618292837479,-0.5927914,-0.5927914
-0.7414441868383843,-0.0368643939123077,-0.64072496,-0.64072496
-0.7288526331165812,-0.12387940923020524,-0.6879881,-0.6879881
-0.7162610793947799,-0.2104190134010093,-0.7343033,-0.7343033
-0.7036695256729768,-0.29592641556853727,-0.77944165,-0.77944165
-0.6910779719511737,-0.37985146600513414,-0.8232029,-0.8232029
-0.6784864182293706,-0.46165419574355354,-0.8654173,-0.8654173
-0.6658948645075675,-0.5408082907063566,-0.9059265,-0.9059265
-0.6533033107857644,-0.6168044779805347,-0.9445732,-0.9445732
-0.6407117570639613,-0.6891538024502618,-0.98118955,-0.98118955
-0.62812020334216,-0.7573907727060917,-1.015579,-1.015579
-0.6155286496203569,-0.8210763559900629,-1.0475252,-1.0475252
-0.6029370958985538,-0.8798008029072542,-1.0767705,-1.0767705
-0.5903455421767507,-0.9331862837299636,-1.1030366,-1.1030366
-0.5777539884549476,-0.9808893193325221,-1.1260259,-1.1260259
-0.5651624347331463,-1.0226029911163086,-1.145436,-1.145436
-0.5525708810113432,-1.058058915706456,-1.1609714,-1.1609714
-0.5399793272895401,-1.0870289717150763,-1.1723659,-1.1723659
-0.527387773567737,-1.1093267674612277,-1.1793821,-1.1793821
-0.5147962198459339,-1.1248088402043073,-1.1818359,-1.1818359
-0.5022046661241326,-1.1333755791751055,-1.1795871,-1.1795871
-0.4896131124023295,-1.134971866465793,-1.1725509,-1.1725509
-0.4770215586805264,-1.1295874316553765,-1.1606891,-1.1606891
-0.46443000495872333,-1.1172569178890028,-1.1440046,-1.1440046
-0.45183845123692024,-1.0980596589859477,-1.1225355,-1.1225355
-0.4392468975151189,-1.0721191690103697,-1.09634,-1.09634
-0.42665534379331405,-1.0396023475888767,-1.0655,-1.0655
-0.4140637900715127,-1.0007184060879344,-1.0301025,-1.0301025
-0.40147223634970963,-0.9557175215598553,-0.9902399,-0.9902399
-0.38888068262790654,-0.9048892271180273,-0.94600564,-0.94600564
-0.37628912890610344,-0.8485605490974213,-0.89749604,-0.89749604
-0.36369757518430035,-0.7870939029858902,-0.8448189,-0.8448189
-0.35110602146249903,-0.7208847616636876,-0.7880915,-0.7880915
-0.33851446774069593,-0.6503591109535731,-0.7274464,-0.7274464
-0.32592291401889284,-0.575970708852483,-0.66305524,-0.66305524
-0.31333136029708974,-0.4981981660785353,-0.5951279,-0.5951279
-0.30073980657528665,-0.417541866717091,-0.5239275,-0.5239275
-0.28814825285348533,-0.33452074877822446,-0.44977552,-0.44977552
-0.27555669913168224,-0.24966896537924368,-0.37306577,-0.37306577
-0.26296514540987914,-0.1635324480342015,-0.29426557,-0.29426557
-0.25037359168807605,-0.07666539416175694,-0.21391374,-0.21391374
-0.23778203796627295,0.010373298589258076,-0.132613,-0.132613
-0.22519048424447163,0.09702362825528704,-0.051015675,-0.051015675
-0.21259893052266676,0.18272809157866524,0.03018111,0.03018111
-0.20000737680086544,0.26693527095151154,0.11026305,0.11026305
-0.18741582307906235,0.3491033822052026,0.18852443,0.18852443
-0.17482426935725925,0.428703760418546,0.2642843,0.2642843
-0.16223271563545616,0.5052242613176631,0.33690947,0.33690947
-0.14964116191365306,0.5781725563828971,0.40583342,0.40583342
-0.13704960819185175,0.6470793004623003,0.4705717,0.4705717
-0.12445805447004865,0.7115011515114946,0.5307247,0.5307247
-0.11186650074824556,0.7710236230309319,0.5859911,0.5859911
-0.09927494702644246,0.8252637508483301,0.6361553,0.6361553
-0.08668339330463937,0.8738725570882111,0.6810877,0.6810877
-0.07409183958283805,0.9165372954755561,0.7207424,0.7207424
-0.06150028586103495,0.9529834635274482,0.75513095,0.75513095
-0.04890873213923186,0.9829765686862882,0.7843296,0.7843296
-0.036317178417428764,1.0063236370315025,0.80844706,0.80844706
-0.02372562469562567,1.022874454862689,0.82763785,0.82763785
-0.011134070973822574,1.0325225351659593,0.84207267,0.84207267
0.0014574827479787444,1.0352058027452893,0.8519375,0.8519375
0.01404903646978184,1.0309069936107729,0.8574278,0.8574278
0.026640590191584934,1.019653766054143,0.8587362,0.8587362
0.03923214391338803,1.001518522696909,0.85606307,0.85606307
0.051823697635191124,0.9766179446560367,0.8495924,0.8495924
0.06441525135699244,0.9451122408243292,0.83951396,0.83951396
0.07700680507879554,0.9072041170955705,0.82600135,0.82600135
0.08959835880059863,0.8631374721664405,0.80922526,0.80922526
0.10218991252240173,0.8131958283062565,0.7893459,0.7893459
0.11478146624420482,0.7577005071909347,0.7665188,0.7665188
0.12737301996600792,0.6970085625377344,0.74089926,0.74089926
0.13996457368780924,0.6315104828421018,0.71263427,0.71263427
0.15255612740961233,0.5616276789970208,0.6818716,0.6818716
0.16514768113141542,0.4878097729595212,0.6487581,0.6487581
0.17773923485321852,0.4105317049087251,0.61344546,0.61344546
0.19033078857502161,0.3302906775079493,0.5760891,0.5760891
0.20292234229682293,0.24760295693125964,0.53684634,0.53684634
0.21551389601862603,0.16300055123643392,0.49589175,0.49589175
0.22810544974042912,0.07702778745565997,0.45339984,0.45339984
0.24069700346223222,-0.00976219057345544,0.4095661,0.4095661
0.2532885571840353,-0.09681098110364145,0.36460036,0.36460036
0.2658801109058384,-0.18355851720282118,0.31871623,0.31871623
0.2784716646276397,-0.2694466701926579,0.27216262,0.27216262
0.2910632183494428,-0.3539228406165515,0.2251913,0.2251913
0.3036547720712459,-0.4364435136328155,0.17808741,0.17808741
0.316246325793049,-0.5164777559580845,0.13115233,0.13115233
0.3288378795148521,-0.5935106318616349,0.08471316,0.08471316
0.3414294332366552,-0.6670465162323811,0.0391199,0.0391199
0.3540209869584565,-0.7366122834024409,-0.005253613,-0.005253613
0.3666125406802596,-0.80176035121062,-0.04800397,-0.04800397
0.3792040944020627,-0.8620715607203409,-0.08871442,-0.08871442
0.3917956481238658,-0.9171578730642717,-0.12694246,-0.12694246
0.4043872018456689,-0.9666648660641601,-0.16222554,-0.16222554
0.4169787555674702,-1.0102740145628217,-0.19410783,-0.19410783
0.4295703092892733,-1.04770473979678,-0.2221201,-0.2221201
0.4421618630110764,-1.0787162146239226,-0.24581319,-0.24581319
0.4547534167328795,-1.103108912991562,-0.2647665,-0.2647665
0.4673449704546826,-1.1207258936756261,-0.27861005,-0.27861005
0.4799365241764857,-1.1314538100315021,-0.28704053,-0.28704053
0.492528077898287,-1.1352236392598563,-0.2898472,-0.2898472
0.5051196316200901,-1.1320111264953714,-0.28693372,-0.28693372
0.5177111853418932,-1.1218369408611595,-0.27833635,-0.27833635
0.5303027390636963,-1.1047665424848088,-0.26423055,-0.26423055
0.5428942927854994,-1.080909761331673,-0.24493772,-0.24493772
0.5554858465073007,-1.0504200905651686,-0.22091371,-0.22091371
0.5680774002291038,-1.0134936989805372,-0.19272405,-0.19272405
0.5806689539509069,-0.9703681688660775,-0.16100389,-0.16100389
0.59326050767271,-0.9213209674122961,-0.12643224,-0.12643224
0.6058520613945131,-0.8666676615039011,-0.089665234,-0.089665234
0.6184436151163162,-0.8067598873805406,-0.05129987,-0.05129987
0.6310351688381175,-0.7419830882293906,-0.011835873,-0.011835873
0.6436267225599206,-0.6727540342657263,0.028356731,0.028356731
0.6562182762817237,-0.5995181412572878,0.06905097,0.06905097
0.6688098300035268,-0.5227466047447061,0.11015338,0.11015338
0.6814013837253299,-0.44293336839639463,0.15170306,0.15170306
0.693992937447133,-0.3605919460032818,0.19384784,0.19384784
0.7065844911689343,-0.2762521175605027,0.23680419,0.23680419
0.7191760448907374,-0.1904565206932106,0.2808296,0.2808296
0.7317675986125405,-0.10375715935725131,0.32619113,0.32619113
0.7443591523343436,-0.01671185227728201,0.37311953,0.37311953
0.7569507060561467,0.07011935602693911,0.4217946,0.4217946
0.769542259777948,0.15617779853490202,0.47231692,0.47231692
0.7821338134997511,0.24090978015699957,0.5246808,0.5246808
0.7947253672215542,0.3237701401769496,0.578788,0.578788
0.8073169209433573,0.4042257597846626,0.6344263,0.6344263
0.8199084746651604,0.4817589921321166,0.69129294,0.69129294
0.8325000283869635,0.5558709928435264,0.7490093,0.7490093
0.8450915821087648,0.6260849295514743,0.8071291,0.8071291
0.8576831358305679,0.6919490498090862,0.8651697,0.8651697
0.870274689552371,0.7530395876393413,0.9226276,0.9226276
0.8828662432741741,0.8089634900211331,0.9789979,0.9789979
0.8954577969959772,0.8593609457698836,1.0337851,1.0337851
0.9080493507177785,0.9039077005420882,1.086509,1.086509
0.9206409044395816,0.9423171430692139,1.1367071,1.1367071
0.9332324581613847,0.9743421491981435,1.1839373,1.1839373
0.9458240118831878,0.9997766718738509,1.2277715,1.2277715
0.9584155656049909,1.0184570668343416,1.2677968,1.2677968
0.971007119326794,1.0302631454884605,1.3036163,1.3036163
0.9835986730485953,1.035118948202405,1.3348572,1.3348572
0.9961902267703984,1.0329932330196574,1.3611782,1.3611782
1.0087817804922015,1.0238996766699402,1.3822801,1.3822801
1.0213733342140046,1.0078967865739246,1.3979223,1.3979223
1.0339648879358077,0.9850875244098357,1.407932,1.407932
1.0465564416576107,0.9556186436639121,1.4122097,1.4122097
1.059147995379412,0.9196797454268886,1.4107401,1.4107401
1.0717395491012152,0.877502058511415,1.4035904,1.4035904
1.0843311028230183,0.8293569517391537,1.3909104,1.3909104
1.0969226565448214,0.775554187969304,1.3729179,1.3729179
1.1095142102666244,0.7164399311021137,1.3498971,1.3498971
1.1221057639884258,0.6523945188801862,1.3221815,1.3221815
1.1346973177102289,0.5838300158171883,1.290149,1.290149
1.147288871432032,0.5111875619984304,1.2542012,1.2542012
1.159880425153835,0.43493453481079036,1.2147641,1.2147641
1.1724719788756381,0.3555615418633855,1.1722713,1.1722713
1.1850635325974412,0.2735792644463188,1.1271613,1.1271613
1.1976550863192426,0.18951517183652125,1.0798705,1.0798705
1.2102466400410457,0.1039101275905929,1.030823,1.030823
1.2228381937628487,0.0173149096597277,0.98044366,0.98044366
1.2354297474846518,-0.06971333328412017,0.9291391,0.9291391
1.248021301206455,-0.1566146665108669,0.8773114,0.8773114
1.2606128549282563,-0.2428299718202676,0.82534593,0.82534593
1.2732044086500593,-0.327804544876436,0.77361506,0.77361506
1.2857959623718624,-0.41099166414369886,0.7224905,0.7224905
1.2983875160936655,-0.4918561084616863,0.672322,0.672322
1.3109790698154686,-0.5698776006276081,0.6234562,0.6234562
1.3235706235372717,-0.6445541548299747,0.57622427,0.57622427
1.336162177259073,-0.7154053063965458,0.5309462,0.5309462
1.3487537309808761,-0.7819752030765464,0.48793262,0.48793262
1.3613452847026792,-0.8438355379678816,0.44747418,0.44747418
1.3739368384244823,-0.9005883052192483,0.40984792,0.40984792
1.3865283921462854,-0.9518683607769751,0.37530345,0.37530345
1.3991199458680885,-0.9973457717009482,0.34406394,0.34406394
1.4117114995898898,-1.0367279389342445,0.31632394,0.31632394
1.424303053311693,-1.0697614798687238,0.29222792,0.29222792
1.436894607033496,-1.0962338585941842,0.27188033,0.27188033
1.4494861607552991,-1.1159747533422553,0.25531882,0.25531882
1.4620777144771022,-1.128857152326896,0.24251908,0.24251908
1.4746692681989035,-1.134798170930948,0.23337644,0.23337644
1.4872608219207066,-1.133759584981019,0.22770184,0.22770184
1.4998523756425097,-1.1257480766796182,0.22521609,0.22521609
1.5124439293643128,-1.1108151916122546,0.22555119,0.22555119
1.525035483086116,-1.0890570071060892,0.22825342,0.22825342
1.537627036807919,-1.0606135140739161,0.23280364,0.23280364
1.5502185905297203,-1.025667716320654,0.23864108,0.23864108
1.5628101442515234,-0.9844444531073245,0.24521488,0.24521488
1.5754016979733265,-0.9372089525481619,0.2520247,0.2520247
1.5879932516951296,-0.8842651251480926,0.25869614,0.25869614
1.6005848054169327,-0.825953608459962,0.26504105,0.26504105
1.613176359138734,-0.762649575442042,0.27111137,0.27111137
1.6257679128605371,-0.6947603206166668,0.27722877,0.27722877
1.6383594665823402,-0.6227226395606653,0.28397727,0.28397727
1.6509510203041433,-0.5470000185875993,0.2921511,0.2921511
1.6635425740259464,-0.46807965270338714,0.30266893,0.30266893
1.6761341277477495,-0.3864693110215321,0.31646174,0.31646174
1.6887256814695508,-0.3026940698057513,0.33436066,0.33436066
1.701317235191354,-0.21729293415931766,0.35701007,0.35701007
1.713908788913157,-0.13081537009717778,0.38480705,0.38480705
1.72650034263496,-0.04381776931303363,0.41789562,0.41789562
1.7390918963567632,0.04314013061293317,0.45618922,0.45618922
1.7516834500785663,0.1294988475335827,0.49940842,0.49940842
1.7642750038003676,0.2147027544109025,0.5471564,0.5471564
1.7768665575221707,0.2982036541885883,0.5989582,0.5989582
1.7894581112439738,0.37946430686042637,0.6543196,0.6543196
1.802049664965777,0.4579618860417727,0.7127598,0.7127598
1.81464121868758,0.5331913428045513,0.77382284,0.77382284
1.8272327724093813,0.6046686551331181,0.837102,0.837102
1.8398243261311844,0.6719339420942227,0.90221316,0.90221316
1.8524158798529875,0.7345544226845337,0.9688099,0.9688099
1.8650074335747906,0.7921272003188621,1.0365491,1.0365491
1.8775989872965937,0.8442818550437033,1.1050725,1.1050725
1.8901905410183968,0.8906828267979998,1.1739993,1.1739993
1.902782094740198,0.931031574387348,1.2428896,1.2428896
1.9153736484620012,0.9650684962809629,1.311239,1.311239
1.9279652021838043,0.9925746008730257,1.3784664,1.3784664
1.9405567559056074,1.0133729154621531,1.4438937,1.4438937
1.9531483096274105,1.0273296248836155,1.5067647,1.5067647
1.9657398633492118,1.034354932468441,1.5662358,1.5662358
1.978331417071015,1.0344036377900439,1.6214082,1.6214082
1.990922970792818,1.027475427481173,1.6713431,1.6713431
2.003514524514621,1.013614877250105,1.7150996,1.7150996
2.016106078236424,0.9929111650830876,1.7517803,1.7517803
2.0286976319582273,0.9654974974782861,1.7805545,1.7805545
2.0412891856800286,0.931550252402807,1.8007121,1.8007121
2.0538807394018317,0.8912878444869435,1.8116903,1.8116903
2.066472293123635,0.8449693197569819,1.8130915,1.8130915
2.079063846845438,0.7928926889478883,1.804702,1.804702
2.091655400567241,0.7353930101193161,1.7864964,1.7864964
2.104246954289044,0.6728402329112406,1.7586253,1.7586253
2.1168385080108454,0.6056368183091766,1.7214,1.7214
2.1294300617326485,0.5342151492332141,1.6752841,1.6752841
2.1420216154544516,0.45903474861113136,1.6208494,1.6208494
2.1546131691762547,0.38057932283416346,1.5587733,1.5587733
2.1672047228980578,0.29935364961779737,1.4898036,1.4898036
2.179796276619859,0.21588033029087558,1.4147303,1.4147303
2.192387830341662,0.13069642740853588,1.3343904,1.3343904
2.2049793840634653,0.04435000932256195,1.2496207,1.2496207
2.2049793840634653,0.04435000932256195,1.2496192,1.2496192
2.2175709377852684,-0.04260337605904266,1.1612751,1.1612751
2.2301624915070715,-0.12960427563546173,1.0701873,1.0701873
2.2427540452288746,-0.2160929306022712,0.9771816,0.9771816
2.2553455989506768,-0.3015128779075181,0.88305587,0.88305587
2.267937152672479,-0.3853145305031392,0.7885811,0.7885811
2.280528706394282,-0.46695871335653594,0.6944911,0.6944911
2.293120260116085,-0.5459201324718397,0.60148305,0.60148305
2.3057118138378883,-0.6216907546014081,0.51021165,0.51021165
2.3183033675596914,-0.6937830759026345,0.42128533,0.42128533
2.3308949212814936,-0.7617332585097436,0.33526295,0.33526295
2.3434864750032958,-0.8251041148400626,0.25264853,0.25264853
2.356078028725099,-0.8834879204338777,0.17388743,0.17388743
2.368669582446902,-0.9365090372302441,0.09936541,0.09936541
2.381261136168705,-0.9838263304007678,0.029407203,0.029407203
2.3938526898905073,-1.0251353631915425,-0.035732567,-0.035732567
2.4064442436123104,-1.060170355651798,-0.09585458,-0.09585458
2.4190357973341126,-1.0887058946468606,-0.15082818,-0.15082818
2.4316273510559157,-1.1105583841533686,-0.20057708,-0.20057708
2.4442189047777187,-1.1255872265055549,-0.24508363,-0.24508363
2.456810458499522,-1.1336957269925847,-0.28437597,-0.28437597
2.469402012221324,-1.134831715986783,-0.31851846,-0.31851846
2.4819935659431263,-1.128987884600032,-0.34761792,-0.34761792
2.4945851196649294,-1.1162018317087357,-0.3717993,-0.3717993
2.5071766733867324,-1.0965558220448055,-0.39120752,-0.39120752
2.5197682271085355,-1.0701762569090876,-0.40599805,-0.40599805
2.5323597808303377,-1.037232860912634,-0.4163292,-0.4163292
2.544951334552141,-0.9979375899782698,-0.4223593,-0.4223593
2.557542888273943,-0.9525432676283394,-0.4242409,-0.4242409
2.570134441995746,-0.9013419583326286,-0.42212373,-0.42212373
2.5827259957175492,-0.8446630883823185,-0.41614896,-0.41614896
2.5953175494393523,-0.7828713263800731,-0.40644532,-0.40644532
2.6079091031611545,-0.7163642369831636,-0.3931406,-0.3931406
2.6205006568829567,-0.6455697229952082,-0.37635785,-0.37635785
2.63309221060476,-0.5709432722640607,-0.35622102,-0.35622102
2.645683764326563,-0.4929650270990879,-0.33285505,-0.33285505
2.658275318048366,-0.4121366950630592,-0.30640012,-0.30640012
2.6708668717701682,-0.3289783210144117,-0.27699643,-0.27699643
2.6834584254919713,-0.24402494116841392,-0.24481279,-0.24481279
2.6960499792137735,-0.15782314070484238,-0.21003133,-0.21003133
2.7086415329355766,-0.07092753707019035,-0.17286378,-0.17286378
2.7212330866573797,0.01610278839917611,-0.13354856,-0.13354856
2.733824640379183,0.10270788757431559,-0.09236032,-0.09236032
2.746416194100985,0.18833054820791437,-0.049609005,-0.049609005
2.759007747822788,0.27241987900597164,-0.005645573,-0.005645573
2.7715993015445903,0.35443485403079267,0.039142787,0.039142787
2.7841908552663934,0.4338477936309333,0.08432692,0.08432692
2.7967824089881965,0.5101477595018148,0.12945098,0.12945098
2.8093739627099996,0.5828438420335136,0.17402476,0.17402476
2.821965516431802,0.6514683187950854,0.21755618,0.21755618
2.834557070153604,0.7155796638338907,0.25954264,0.25954264
2.847148623875407,0.7747653884282814,0.2995016,0.2995016
2.85974017759721,0.828644695016394,0.33698195,0.33698195
2.8723317313190133,0.8768709272258763,0.37156218,0.37156218
2.8849232850408155,0.9191338002411067,0.4028818,0.4028818
2.8975148387626186,0.9551613971579477,0.4306404,0.4306404
2.910106392484421,0.9847219184815098,0.45459956,0.45459956
2.922697946206224,1.0076251735108401,0.4745924,0.4745924
2.935289499928027,1.0237238040149876,0.4905302,0.4905302
2.94788105364983,1.0329142323274243,0.5023901,0.5023901
2.9604726073716323,1.03513732775882,0.51023597,0.51023597
2.9730641610934354,1.0303787870405097,0.5142004,0.5142004
2.9856557148152376,1.0186692263509043,0.5144989,0.5144989
2.9982472685370407,1.0000839843327503,0.5114166,0.5114166
3.010838822258844,0.9747426373686207,0.50532645,0.50532645
3.023430375980646,0.942808230233323,0.49665946,0.49665946
3.036021929702449,0.9044862270731447,0.48592204,0.48592204
3.0486134834242513,0.8600231894613201,0.47366065,0.47366065
3.0612050371460544,0.8097051900349745,0.46045512,0.46045512
3.0737965908678575,0.7538559719201858,0.44689864,0.44689864
3.0863881445896606,0.6928348657872312,0.43357486,0.43357486
3.098979698311463,0.6270344779376621,0.42102355,0.42102355
3.111571252033266,0.5568781642978184,0.4097225,0.4097225
3.124162805755068,0.48281730657108,0.40006846,0.40006846
3.136754359476871,0.4053284080738113,0.3923456,0.3923456
