theta,delta_V_learned,delta_V_true
-3.133839393980912,0.0,0.0
-3.121247840259109,-0.07433891,-0.0899014937044127
-3.1086562865373066,-0.16309738,-0.17872152037007094
-3.0960647328155044,-0.26366758,-0.26646878795417983
-3.0834731790937013,-0.37316847,-0.3531519692138172
-3.0708816253718982,-0.488667,-0.4387797017059203
-3.058290071650095,-0.60739374,-0.5233605877873053
-3.045698517928293,-0.7269211,-0.6069031946146533
-3.03310696420649,-0.84526014,-0.6894160541445356
-3.0205154104846876,-0.9609089,-0.7709076631333751
-3.0079238567628845,-1.0728257,-0.8513864831374853
-2.9953323030410814,-1.180373,-0.9308609405130381
-2.9827407493192784,-1.2832453,-1.0093394264160818
-2.970149195597476,-1.381383,-1.0868302968025318
-2.957557641875673,-1.4749038,-1.163341872428191
-2.944966088153871,-1.5640485,-1.2388824388487159
-2.9323745344320677,-1.6491239,-1.3134602464196519
-2.9197829807102647,-1.7304797,-1.3870835102964039
-2.9071914269884624,-1.8084762,-1.4597604104342485
-2.8945998732666594,-1.883471,-1.5314990915883504
-2.882008319544857,-1.9558117,-1.6023076633137245
-2.869416765823054,-2.025823,-1.6721941999652774
-2.856825212101251,-2.09381,-1.7411667406977762
-2.844233658379448,-2.160053,-1.8092332894658623
-2.8316421046576457,-2.224807,-1.8764018150240451
-2.8190505509358426,-2.288308,-1.9426802509267214
-2.8064589972140404,-2.3507662,-2.0080764955281403
-2.7938674434922373,-2.4123766,-2.0725984119824417
-2.781275889770434,-2.4733129,-2.1362538282436234
-2.768684336048632,-2.533734,-2.199050537065557
-2.756092782326829,-2.5937867,-2.2609962960019985
-2.7435012286050267,-2.6536028,-2.3220988274065584
-2.7309096748832236,-2.713307,-2.3823658184327368
-2.7183181211614205,-2.7730122,-2.4418049210338935
-2.7057265674396174,-2.832826,-2.500423751963264
-2.693135013717815,-2.8928497,-2.5582298927739524
-2.680543459996012,-2.9531786,-2.615230889818947
-2.66795190627421,-3.0139034,-2.6714342542510923
-2.6553603525524068,-3.0751114,-2.72684746202312
-2.6427687988306037,-3.1368816,-2.781477953887624
-2.6301772451088006,-3.199289,-2.835333135397072
-2.6175856913869984,-3.2623985,-2.888420376903802
-2.6049941376651953,-3.326263,-2.9407470135600335
-2.592402583943393,-3.3909235,-2.9923203453178453
-2.57981103022159,-3.4563997,-3.0431476369292016
-2.567219476499787,-3.5226915,-3.0932361179459282
-2.5546279227779847,-3.589771,-3.142592982719724
-2.5420363690561816,-3.6575813,-3.191225390402169
-2.5294448153343794,-3.7260365,-3.2391404649447026
-2.5168532616125763,-3.7950163,-3.28634529509865
-2.504261707890773,-3.864375,-3.332846934415197
-2.49167015416897,-3.9339385,-3.3786524012454073
-2.479078600447168,-4.0035133,-3.4237686787402115
-2.466487046725365,-4.072897,-3.4682027148504235
-2.4538954930035626,-4.1418757,-3.511961422326715
-2.4413039392817595,-4.210243,-3.5550516787196433
-2.4287123855599564,-4.2777944,-3.5974803263796287
-2.416120831838154,-4.344335,-3.6392541724569636
-2.403529278116351,-4.4096813,-3.680379988901821
-2.390937724394549,-4.4736567,-3.720864512464235
-2.378346170672746,-4.5360928,-3.760714444694124
-2.3657546169509427,-4.596827,-3.7999364519412673
-2.3531630632291396,-4.655701,-3.838537165355322
-2.3405715095073374,-4.7125645,-3.8765231808858127
-2.3279799557855343,-4.767274,-3.913901059282147
-2.315388402063732,-4.819702,-3.95067732609359
-2.302796848341929,-4.869742,-3.9868584716692927
-2.290205294620126,-4.9173093,-4.02245095115827
-2.277613740898323,-4.9623523,-4.057461184509408
-2.2650221871765206,-5.0048494,-4.091895556471468
-2.2524306334547175,-5.044812,-4.125760416593088
-2.2398390797329153,-5.082285,-4.1590620792227675
-2.227247526011112,-5.1173377,-4.191806823508889
-2.214655972289309,-5.1500654,-4.224000893399701
-2.202064418567507,-5.18058,-4.255650497643321
-2.189472864845704,-5.2090063,-4.286761809787749
-2.1768813111239016,-5.2354765,-4.317340968180847
-2.1642897574020985,-5.2601237,-4.347394075970357
-2.1516982036802954,-5.283083,-4.376927201103886
-2.1391066499584923,-5.304484,-4.405946376328918
-2.12651509623669,-5.324449,-4.434457599192807
-2.113923542514887,-5.3430967,-4.462466832042781
-2.101331988793085,-5.3605347,-4.489980002025938
-2.0887404350712817,-5.376863,-4.51700300108925
-2.0761488813494786,-5.3921742,-4.5435416859795605
-2.0635573276276755,-5.4065523,-4.569601878243585
-2.0509657739058733,-5.420073,-4.595189364227909
-2.038374220184071,-5.432806,-4.620309895078993
-2.025782666462268,-5.4448147,-4.644969186743172
-2.013191112740465,-5.4561553,-4.669172919966647
-2.000599559018662,-5.4668794,-4.692926740295496
-1.9880080052968596,-5.4770336,-4.716236258075665
-1.9754164515750565,-5.486661,-4.739107048452977
-1.9628248978532543,-5.4958,-4.761544651373122
-1.9502333441314512,-5.5044856,-4.783554571581669
-1.9376417904096481,-5.51275,-4.805142278624052
-1.925050236687845,-5.5206227,-4.82631320684558
-1.9124586829660428,-5.5281305,-4.847072755391434
-1.8998671292442406,-5.535298,-4.8674262882066675
-1.8872755755224375,-5.542148,-4.887379134036208
-1.8746840218006344,-5.5487022,-4.906936586424853
-1.8620924680788313,-5.554979,-4.92610390371727
-1.8495009143570291,-5.560997,-4.944886309058003
-1.836909360635226,-5.5667725,-4.963288990391465
-1.8243178069134238,-5.572321,-4.9813171004619425
-1.8117262531916207,-5.5776567,-4.998975756813595
-1.7991346994698176,-5.582794,-5.016270041790452
-1.7865431457480145,-5.587744,-5.033205002536418
-1.7739515920262123,-5.59252,-5.049785650995265
-1.7613600383044101,-5.5971317,-5.0660169639106405
-1.748768484582607,-5.60159,-5.081903882826067
-1.736176930860804,-5.605905,-5.097451314084933
-1.7235853771390008,-5.6100845,-5.112664128830502
-1.7109938234171977,-5.614138,-5.127547163005912
-1.6984022696953955,-5.6180735,-5.142105217354167
-1.6858107159735933,-5.621898,-5.156343057418148
-1.6732191622517902,-5.62562,-5.17026541354061
-1.6606276085299871,-5.629245,-5.183876980864176
-1.648036054808184,-5.6327806,-5.197182419331341
-1.6354445010863818,-5.6362324,-5.210186353684474
-1.6228529473645787,-5.639606,-5.222893373465816
-1.6102613936427765,-5.642908,-5.235308033017479
-1.5976698399209734,-5.646143,-5.24743485148145
-1.5850782861991703,-5.649317,-5.259278312799585
-1.5724867324773673,-5.652434,-5.270842865713613
-1.559895178755565,-5.655499,-5.282132923765134
-1.5473036250337628,-5.6585174,-5.293152865295625
-1.5347120713119597,-5.6614923,-5.303907033446429
-1.5221205175901567,-5.6644297,-5.314399736158766
-1.5095289638683536,-5.667332,-5.324635246173724
-1.4969374101465514,-5.670204,-5.334617801032265
-1.4843458564247483,-5.673051,-5.344351603075226
-1.471754302702946,-5.6758747,-5.3538408194433105
-1.459162748981143,-5.6786795,-5.363089582077099
-1.4465711952593399,-5.681469,-5.372101987717042
-1.4339796415375368,-5.6842465,-5.380882097903462
-1.4213880878157354,-5.6870155,-5.389433938976553
-1.4087965340939324,-5.6897798,-5.397761502076385
-1.3962049803721293,-5.6925416,-5.405868743142895
-1.3836134266503262,-5.6953044,-5.413759582915896
-1.371021872928523,-5.698071,-5.42143790693507
-1.35843031920672,-5.700844,-5.4289075655399746
-1.3458387654849169,-5.703625,-5.436172373870037
-1.3332472117631156,-5.706418,-5.443236111864556
-1.3206556580413125,-5.709224,-5.4501025242627055
-1.3080641043195094,-5.712045,-5.45677532060353
-1.2954725505977063,-5.7148833,-5.4632581752259455
-1.2828809968759032,-5.717739,-5.469554727268741
-1.2702894431541019,-5.720614,-5.475668580670576
-1.2576978894322988,-5.723509,-5.481603304169986
-1.2451063357104957,-5.7264233,-5.487362431305374
-1.2325147819886926,-5.7293572,-5.492949460415018
-1.2199232282668895,-5.732311,-5.498367854637068
-1.2073316745450882,-5.735282,-5.503621041909544
-1.194740120823285,-5.7382693,-5.508712414970343
-1.182148567101482,-5.7412705,-5.513645331357227
-1.1695570133796789,-5.7442827,-5.518423113407836
-1.1569654596578758,-5.7473016,-5.523049048259681
-1.1443739059360745,-5.7503233,-5.527526387850142
-1.1317823522142696,-5.7533417,-5.531858348916477
-1.1191907984924683,-5.7563515,-5.536048112995808
-1.1065992447706652,-5.7593455,-5.540098826425138
-1.094007691048862,-5.7623158,-5.544013600341335
-1.081416137327059,-5.7652526,-5.547795510681144
-1.068824583605256,-5.7681465,-5.55144759818118
-1.0562330298834546,-5.7709866,-5.554972868377929
-1.0436414761616515,-5.773761,-5.558374291607752
-1.0310499224398484,-5.776456,-5.56165480300688
-1.0184583687180453,-5.779057,-5.564817302511417
-1.0058668149962422,-5.7815504,-5.56786465485734
-0.9932752612744409,-5.783919,-5.570799689580494
-0.9806837075526378,-5.786145,-5.573625201016603
-0.9680921538308347,-5.788212,-5.576343948301258
-0.9555006001090316,-5.7901,-5.578958655369922
-0.9429090463872285,-5.79179,-5.581472010957934
-0.9303174926654272,-5.7932615,-5.583886668600502
-0.9177259389436223,-5.7944946,-5.586205246632707
-0.905134385221821,-5.7954693,-5.588430328189502
-0.8925428315000179,-5.7961645,-5.590564461205712
-0.8799512777782148,-5.7965603,-5.592610158416036
-0.8673597240564117,-5.7966375,-5.594569897355043
-0.8547681703346086,-5.796378,-5.596446120357173
-0.8421766166128073,-5.795765,-5.598241234556742
-0.8295850628910042,-5.7947826,-5.599957611887935
-0.8169935091692011,-5.7934184,-5.60159758908481
-0.804401955447398,-5.7916613,-5.603163467681299
-0.7918104017255949,-5.789504,-5.604657514011203
-0.7792188480037936,-5.7869415,-5.606081959208197
-0.7666272942819905,-5.7839723,-5.6074389992058284
-0.7540357405601874,-5.7805977,-5.608730794737515
-0.7414441868383843,-5.776822,-5.609959471336549
-0.7288526331165812,-5.7726526,-5.611127119336094
-0.7162610793947799,-5.768097,-5.612235793869184
-0.7036695256729768,-5.7631645,-5.613287514868726
-0.6910779719511737,-5.757862,-5.614284267067503
-0.6784864182293706,-5.752195,-5.615227999998163
-0.6658948645075675,-5.746162,-5.616120627993233
-0.6533033107857644,-5.7397547,-5.616964030185107
-0.6407117570639613,-5.732955,-5.617760050506054
-0.62812020334216,-5.7257314,-5.618510497688216
-0.6155286496203569,-5.7180414,-5.619217145263603
-0.6029370958985538,-5.7098284,-5.619881731564101
-0.5903455421767507,-5.701028,-5.620505959721468
-0.5777539884549476,-5.6915727,-5.621091497667331
-0.5651624347331463,-5.681402,-5.621639978133192
-0.5525708810113432,-5.6704783,-5.622152998650425
-0.5399793272895401,-5.658797,-5.622632121550275
-0.527387773567737,-5.6464076,-5.623078873963859
-0.5147962198459339,-5.633423,-5.623494747822169
-0.5022046661241326,-5.620023,-5.623881199856063
-0.4896131124023295,-5.6064467,-5.6242396515962785
-0.4770215586805264,-5.592972,-5.62457148937342
-0.46443000495872333,-5.5798864,-5.624878064317968
-0.45183845123692024,-5.5674515,-5.625160692360271
-0.4392468975151189,-5.555868,-5.625420654230552
-0.42665534379331405,-5.545258,-5.625659195458906
-0.4140637900715127,-5.5356493,-5.6258775263753
-0.40147223634970963,-5.5269856,-5.626076822109573
-0.38888068262790654,-5.5191426,-5.626258222591436
-0.37628912890610344,-5.511951,-5.626422832550474
-0.36369757518430035,-5.5052176,-5.62657172151614
-0.35110602146249903,-5.498752,-5.626705923817765
-0.33851446774069593,-5.492378,-5.626826438584546
-0.32592291401889284,-5.4859447,-5.626934229745556
-0.31333136029708974,-5.479331,-5.627030226029739
-0.30073980657528665,-5.472444,-5.627115320965912
-0.28814825285348533,-5.465221,-5.6271903728827635
-0.27555669913168224,-5.4576216,-5.6272562049088535
-0.26296514540987914,-5.449628,-5.627313604972614
-0.25037359168807605,-5.4412403,-5.627363325802351
-0.23778203796627295,-5.432473,-5.627406084926243
-0.22519048424447163,-5.423356,-5.627442564672336
-0.21259893052266676,-5.4139295,-5.627473412168553
-0.20000737680086544,-5.4042425,-5.627499239342687
-0.18741582307906235,-5.394354,-5.627520622922405
-0.17482426935725925,-5.3843274,-5.627538104435244
-0.16223271563545616,-5.374231,-5.627552190208614
-0.14964116191365306,-5.3641324,-5.627563351369796
-0.13704960819185175,-5.3541017,-5.6275720238459455
-0.12445805447004865,-5.3442025,-5.6275786083640895
-0.11186650074824556,-5.3344936,-5.627583470451125
-0.09927494702644246,-5.325027,-5.627586940433823
-0.08668339330463937,-5.315843,-5.627589313438827
-0.07409183958283805,-5.3069735,-5.627590849392653
-0.06150028586103495,-5.298436,-5.627591773021686
-0.04890873213923186,-5.2902365,-5.627592273852185
-0.036317178417428764,-5.28237,-5.627592506210284
-0.02372562469562567,-5.274818,-5.627592589221985
-0.011134070973822574,-5.2675505,-5.627592606813164
0.0014574827479787444,-5.26053,-5.627592607709569
0.01404903646978184,-5.2537093,-5.627592605436819
0.026640590191584934,-5.247036,-5.6275925783204075
0.03923214391338803,-5.240452,-5.627592469485698
0.051823697635191124,-5.2338986,-5.627592186857929
0.06441525135699244,-5.227318,-5.627591603162206
0.07700680507879554,-5.220651,-5.627590555923512
0.08959835880059863,-5.2138476,-5.627588847466699
0.10218991252240173,-5.20686,-5.627586244916492
0.11478146624420482,-5.1996503,-5.627582480197489
0.12737301996600792,-5.1921883,-5.627577250034159
0.13996457368780924,-5.1844544,-5.627570215950843
0.15255612740961233,-5.1764407,-5.627561004271756
0.16514768113141542,-5.1681485,-5.627549206120983
0.17773923485321852,-5.1595907,-5.6275343774224815
0.19033078857502161,-5.15079,-5.627516038900082
0.20292234229682293,-5.141779,-5.627493676077487
0.21551389601862603,-5.1325965,-5.627466739278271
0.22810544974042912,-5.1232886,-5.62743464362588
0.24069700346223222,-5.113905,-5.627396769043632
0.2532885571840353,-5.1044984,-5.627352460254721
0.2658801109058384,-5.0951204,-5.627301026782207
0.2784716646276397,-5.085823,-5.6272417429490265
0.2910632183494428,-5.076653,-5.627173847877986
0.3036547720712459,-5.0676546,-5.627096545491765
0.316246325793049,-5.0588636,-5.627009004512916
0.3288378795148521,-5.05031,-5.626910358463863
0.3414294332366552,-5.042017,-5.6267997056669
0.3540209869584565,-5.0339994,-5.626676109244197
0.3666125406802596,-5.026265,-5.626538597117793
0.3792040944020627,-5.0188127,-5.6263861620096005
0.3917956481238658,-5.0116353,-5.626217761441405
0.4043872018456689,-5.0047207,-5.626032317734862
0.4169787555674702,-4.998049,-5.625828718011501
0.4295703092892733,-4.9915967,-5.625605814192723
0.4421618630110764,-4.985338,-5.6253624229998005
0.4547534167328795,-4.979242,-5.625097325953879
0.4673449704546826,-4.9732776,-5.624809269375977
0.4799365241764857,-4.9674106,-5.6244969643869815
0.492528077898287,-4.9616084,-5.624159086907657
0.5051196316200901,-4.955838,-5.623794277658635
0.5177111853418932,-4.950066,-5.623401142160423
0.5303027390636963,-4.944263,-5.622978250733399
0.5428942927854994,-4.9383984,-5.622524138497813
0.5554858465073007,-4.932446,-5.622037305373787
0.5680774002291038,-4.9263816,-5.621516216081316
0.5806689539509069,-4.920183,-5.620959300140267
0.59326050767271,-4.913832,-5.620364951870379
0.6058520613945131,-4.907313,-5.619731530391262
0.6184436151163162,-4.900614,-5.619057359622401
0.6310351688381175,-4.8937254,-5.618340728283149
0.6436267225599206,-4.8866415,-5.617579889892736
0.6562182762817237,-4.87936,-5.6167730627702595
0.6688098300035268,-4.871881,-5.615918430034692
0.6814013837253299,-4.864209,-5.615014139604877
0.693992937447133,-4.8563495,-5.614058304199532
0.7065844911689343,-4.848312,-5.613049001337244
0.7191760448907374,-4.8401084,-5.611984273336475
0.7317675986125405,-4.831752,-5.610862127315555
0.7443591523343436,-4.823259,-5.60968053519269
0.7569507060561467,-4.8146477,-5.608437433685957
0.769542259777948,-4.8059363,-5.607130724313304
0.7821338134997511,-4.797146,-5.605758273392554
0.7947253672215542,-4.788297,-5.604317912041399
0.8073169209433573,-4.7794127,-5.602807436177404
0.8199084746651604,-4.7705135,-5.601224606518007
0.8325000283869635,-4.7616224,-5.599567148580518
0.8450915821087648,-4.752762,-5.597832752682119
0.8576831358305679,-4.743952,-5.596019073939863
0.870274689552371,-4.7352138,-5.594123732270678
0.8828662432741741,-4.7265673,-5.59214431239136
0.8954577969959772,-4.718031,-5.590078363818582
0.9080493507177785,-4.709622,-5.587923400868884
0.9206409044395816,-4.7013555,-5.585676902658682
0.9332324581613847,-4.693247,-5.5833363131042635
0.9458240118831878,-4.6853085,-5.5808990409217865
0.9584155656049909,-4.677551,-5.578362459627283
0.971007119326794,-4.669984,-5.5757239075366565
0.9835986730485953,-4.6626153,-5.572980687765681
0.9961902267703984,-4.6554513,-5.570130068230006
1.0087817804922015,-4.6484966,-5.567169281645151
1.0213733342140046,-4.641754,-5.564095525526506
1.0339648879358077,-4.6352253,-5.560905962189337
1.0465564416576107,-4.6289105,-5.55759771874878
1.059147995379412,-4.622809,-5.554167887119844
1.0717395491012152,-4.616918,-5.5506135240174075
1.0843311028230183,-4.611235,-5.546931650956225
1.0969226565448214,-4.6057553,-5.54311925425092
1.1095142102666244,-4.600474,-5.53917328501599
1.1221057639884258,-4.595385,-5.535090659165807
1.1346973177102289,-4.5904818,-5.530868257414607
1.147288871432032,-4.5857573,-5.526502925276507
1.159880425153835,-4.581204,-5.5219914730654915
1.1724719788756381,-4.576813,-5.517330675895419
1.1850635325974412,-4.5725775,-5.512517273680018
1.1976550863192426,-4.5684867,-5.507547971132893
1.2102466400410457,-4.5645323,-5.502419437767515
1.2228381937628487,-4.5607057,-5.497128307897232
1.2354297474846518,-4.556996,-5.4916711806352625
1.248021301206455,-4.5533943,-5.486044619894697
1.2606128549282563,-4.549891,-5.480245154388499
1.2732044086500593,-4.546475,-5.474269277629502
1.2857959623718624,-4.543137,-5.468113447930414
1.2983875160936655,-4.539866,-5.461774088403814
1.3109790698154686,-4.536652,-5.4552475869621535
1.3235706235372717,-4.533484,-5.448530296317755
1.336162177259073,-4.530351,-5.441618533982816
1.3487537309808761,-4.527242,-5.4345085822694035
1.3613452847026792,-4.524145,-5.427196688289457
1.3739368384244823,-4.521049,-5.4196790639547885
1.3865283921462854,-4.517941,-5.411951885977083
1.3991199458680885,-4.5148077,-5.404011295867897
1.4117114995898898,-4.5116363,-5.395853399938659
1.424303053311693,-4.5084124,-5.387474269300669
1.436894607033496,-4.505121,-5.3788699398651
1.4494861607552991,-4.5017467,-5.370036412342998
1.4620777144771022,-4.498273,-5.360969652245278
1.4746692681989035,-4.494681,-5.351665589882733
1.4872608219207066,-4.490952,-5.342120120366021
1.4998523756425097,-4.487066,-5.332329103605677
1.5124439293643128,-4.483,-5.322288364312106
1.525035483086116,-4.47873,-5.311993691995587
1.537627036807919,-4.4742327,-5.301440840966269
1.5502185905297203,-4.4694777,-5.290625530334177
1.5628101442515234,-4.4644375,-5.279543444009201
1.5754016979733265,-4.4590783,-5.2681902307011095
1.5879932516951296,-4.4533668,-5.256561503919541
1.6005848054169327,-4.4472656,-5.244652841974007
1.613176359138734,-4.4407363,-5.232459787973893
1.6257679128605371,-4.4337363,-5.219977849828448
1.6383594665823402,-4.4262223,-5.207202500246802
1.6509510203041433,-4.418147,-5.194129176737955
1.6635425740259464,-4.4094634,-5.180753281610778
1.6761341277477495,-4.4001217,-5.167070181974016
1.6887256814695508,-4.390072,-5.1530752097362855
1.701317235191354,-4.3792634,-5.13876366160607
1.713908788913157,-4.367648,-5.124130799091733
1.72650034263496,-4.355179,-5.109171848501506
1.7390918963567632,-4.3418126,-5.093882000943494
1.7516834500785663,-4.327513,-5.078256412325674
1.7642750038003676,-4.3122497,-5.062290203355895
1.7768665575221707,-4.2960014,-5.045978459541875
1.7894581112439738,-4.2787585,-5.029316231191208
1.802049664965777,-4.260523,-5.012298533411361
1.81464121868758,-4.2413125,-4.994920346109669
1.8272327724093813,-4.2211585,-4.977176613993348
1.8398243261311844,-4.200109,-4.95906224656947
1.8524158798529875,-4.178227,-4.940572118144994
1.8650074335747906,-4.155588,-4.921701067826745
1.8775989872965937,-4.1322837,-4.902443899521421
1.8901905410183968,-4.108412,-4.882795381935592
1.902782094740198,-4.0840793,-4.862750248575705
1.9153736484620012,-4.0593953,-4.842303197748067
1.9279652021838043,-4.0344667,-4.821448892558868
1.9405567559056074,-4.0093975,-4.800181960914166
1.9531483096274105,-3.9842834,-4.778496995519894
1.9657398633492118,-3.95921,-4.756388553881856
1.978331417071015,-3.934247,-4.733851158305724
1.990922970792818,-3.9094512,-4.710879295897045
2.003514524514621,-3.8848653,-4.687467418561241
2.016106078236424,-3.8605132,-4.6636099430036015
2.0286976319582273,-3.8364065,-4.639301250729293
2.0412891856800286,-3.8125405,-4.614535688043353
2.0538807394018317,-3.7888973,-4.589307566050684
2.066472293123635,-3.7654493,-4.563611160656069
2.079063846845438,-3.7421556,-4.537440712564161
2.091655400567241,-3.7189698,-4.510790427279484
2.104246954289044,-3.695835,-4.483654475106435
2.1168385080108454,-3.672689,-4.456026991149287
2.1294300617326485,-3.6494656,-4.427902075312172
2.1420216154544516,-3.626092,-4.39927379229911
2.1546131691762547,-3.6024957,-4.370136171613983
2.1672047228980578,-3.5785985,-4.340483207560551
2.179796276619859,-3.5543203,-4.310308859242446
2.192387830341662,-3.5295832,-4.279607050563163
2.2049793840634653,-3.5043046,-4.24837167022608
2.2049793840634653,-3.5043042,-4.24837167022608
2.2175709377852684,-3.4784043,-4.216596571734441
2.2301624915070715,-3.4518023,-4.184275573391366
2.2427540452288746,-3.4244199,-4.151402458299845
2.2553455989506768,-3.3961806,-4.117970974362744
2.267937152672479,-3.367012,-4.0839748342827935
2.280528706394282,-3.3368459,-4.0494077155626
2.293120260116085,-3.3056204,-4.014263260504642
2.3057118138378883,-3.2732809,-3.9785350762112737
2.3183033675596914,-3.2397819,-3.9422167345847163
2.3308949212814936,-3.2050881,-3.9053017723270687
2.3434864750032958,-3.169176,-3.867783690940296
2.356078028725099,-3.1320348,-3.8296559567262345
2.368669582446902,-3.0936675,-3.7909120007865993
2.381261136168705,-3.0540907,-3.751545219022975
2.3938526898905073,-3.013337,-3.7115489721368187
2.4064442436123104,-2.9714496,-3.670916585629455
2.4190357973341126,-2.9284866,-3.62964134980209
2.4316273510559157,-2.8845153,-3.5877165197557894
2.4442189047777187,-2.839612,-3.5451353153915015
2.456810458499522,-2.7938597,-3.5018909214100424
2.469402012221324,-2.7473457,-3.4579764873121057
2.4819935659431263,-2.700157,-3.4133851273982487
2.4945851196649294,-2.652381,-3.368109920768902
2.5071766733867324,-2.6041024,-3.322143911324374
2.5197682271085355,-2.5554001,-3.275480107764842
2.5323597808303377,-2.5063488,-3.22811148359036
2.544951334552141,-2.4570153,-3.1800309771008424
2.557542888273943,-2.4074602,-3.1312314913960906
2.570134441995746,-2.357737,-3.0817058943757636
2.5827259957175492,-2.307893,-3.031447018739404
2.5953175494393523,-2.2579682,-2.980447661986422
2.6079091031611545,-2.207998,-2.9287005864161033
2.6205006568829567,-2.1580107,-2.8761985191276
2.63309221060476,-2.1080306,-2.822934152019935
2.645683764326563,-2.0580766,-2.7689001417920114
2.658275318048366,-2.0081623,-2.7140891099426
2.6708668717701682,-1.9582961,-2.6584936427703485
2.6834584254919713,-1.9084792,-2.6021062913737647
2.6960499792137735,-1.8587067,-2.544919571651244
2.7086415329355766,-1.808964,-2.486925964301039
2.7212330866573797,-1.7592275,-2.4281179148212853
2.733824640379183,-1.7094591,-2.3684878335099864
2.746416194100985,-1.6596081,-2.3080280954650236
2.759007747822788,-1.6096041,-2.2467310405841374
2.7715993015445903,-1.559356,-2.1845889735649564
2.7841908552663934,-1.50875,-2.1215941639049642
2.7967824089881965,-1.4576421,-2.057738845901531
2.8093739627099996,-1.4058585,-1.9930152186518941
2.821965516431802,-1.3531892,-1.9274154460531658
2.834557070153604,-1.2993877,-1.8609316568023249
2.847148623875407,-1.2441685,-1.7935559443962186
2.85974017759721,-1.1872098,-1.7252803671315777
2.8723317313190133,-1.1281571,-1.656096948105001
2.8849232850408155,-1.066633,-1.5859976752129619
2.8975148387626186,-1.002254,-1.5149745011517943
2.910106392484421,-0.9346576,-1.4430193434177205
2.922697946206224,-0.8635335,-1.370124084306818
2.935289499928027,-0.78867483,-1.2962805709150516
2.94788105364983,-0.71003485,-1.2214806151382502
2.9604726073716323,-0.62779665,-1.1457159936721224
2.9730641610934354,-0.5424385,-1.0689784480122322
2.9856557148152376,-0.45480537,-0.9912596844540378
2.9982472685370407,-0.36615276,-0.9125513740928497
3.010838822258844,-0.2781644,-0.832845152823861
3.023430375980646,-0.19292688,-0.7521326213421435
3.036021929702449,-0.1128521,-0.6704053451426226
3.0486134834242513,-0.04055834,-0.5876548545201148
3.0612050371460544,0.021283627,-0.5038726445692898
3.0737965908678575,0.070124626,-0.4190501751847071
3.0863881445896606,0.103703976,-0.33317887106078814
3.098979698311463,0.12019682,-0.24625012169183869
3.111571252033266,0.1183362,-0.15825528137201328
3.124162805755068,0.09750271,-0.06918566919536584
3.136754359476871,0.057785988,0.0209674309442045
