theta,V_unperturbed,V_perturbed_lora_poly
-4.078205923116121,5.2943935,-3.8351417
-4.065626973552197,5.4170485,-3.6813762
-4.053048023988275,5.538827,-3.527967
-4.040469074424351,5.6596837,-3.3749404
-4.027890124860429,5.779574,-3.2223263
-4.015311175296505,5.8984504,-3.0701537
-4.002732225732583,6.01627,-2.9184551
-3.9901532761686584,6.1329885,-2.767262
-3.9775743266047354,6.2485623,-2.6166081
-3.9649953770408124,6.36295,-2.466529
-3.9524164274768894,6.47611,-2.317058
-3.9398374779129663,6.588005,-2.1682358
-3.9272585283490433,6.6985955,-2.0201
-3.9146795787851203,6.807846,-1.8726909
-3.9021006292211973,6.915721,-1.726049
-3.8895216796572742,7.0221868,-1.5802166
-3.876942730093351,7.1272125,-1.4352386
-3.864363780529428,7.230767,-1.2911588
-3.851784830965505,7.3328223,-1.1480206
-3.839205881401582,7.4333515,-1.0058696
-3.8266269318376582,7.532329,-0.8647495
-3.814047982273735,7.6297317,-0.7247088
-3.801469032709812,7.7255373,-0.58578545
-3.788890083145889,7.8197246,-0.44802833
-3.776311133581966,7.912275,-0.3114714
-3.763732184018043,8.003171,-0.17615741
-3.75115323445412,8.092396,-0.042122245
-3.738574284890197,8.179935,0.09060401
-3.725995335326274,8.265777,0.22199261
-3.713416385762351,8.349903,0.35201836
-3.700837436198428,8.432309,0.48066938
-3.688258486634505,8.512984,0.6079336
-3.675679537070582,8.591918,0.73380506
-3.663100587506658,8.669102,0.8582922
-3.650521637942735,8.744529,0.9814056
-3.637942688378812,8.818194,1.1031708
-3.625363738814889,8.890092,1.2236191
-3.612784789250966,8.960216,1.3427973
-3.600205839687043,9.028562,1.4607594
-3.58762689012312,9.095128,1.5775728
-3.575047940559197,9.159909,1.6933138
-3.562468990995274,9.222901,1.8080722
-3.549890041431351,9.284104,1.9219428
-3.5373110918674278,9.343514,2.0350296
-3.524732142303504,9.401129,2.1474435
-3.5121531927395817,9.456944,2.2592921
-3.499574243175658,9.51096,2.3706825
-3.4869952936117348,9.563171,2.4817111
-3.4744163440478117,9.613578,2.5924616
-3.4618373944838887,9.662175,2.702989
-3.4492584449199657,9.7089615,2.8133173
-3.4366794953560427,9.753934,2.9234269
-3.4241005457921196,9.797089,3.0332463
-3.4115215962281966,9.838422,3.1426296
-3.3989426466642736,9.877931,3.251363
-3.3863636971003506,9.915611,3.3591456
-3.3737847475364275,9.951461,3.4655752
-3.3612057979725036,9.985473,3.570158
-3.3486268484085815,10.017646,3.6723046
-3.3360478988446576,10.047975,3.7713392
-3.3234689492807346,10.076455,3.866506
-3.3108899997168115,10.103081,3.956991
-3.2983110501528885,10.1278515,4.0419607
-3.2857321005889655,10.150762,4.120571
-3.2731531510250425,10.171805,4.192005
-3.2605742014611194,10.190981,4.2555046
-3.2479952518971964,10.208282,4.3104005
-3.2354163023332734,10.223706,4.3561277
-3.2228373527693503,10.23725,4.39224
-3.2102584032054273,10.24891,4.418426
-3.1976794536415034,10.258681,4.4345016
-3.1851005040775813,10.266561,4.4404173
-3.1725215545136574,10.272547,4.4362345
-3.1599426049497343,10.276634,4.422128
-3.1473636553858113,10.278822,4.398362
-3.1347847058218883,10.279106,4.3652716
-3.1222057562579653,10.277484,4.3232584
-3.1096268066940422,10.273953,4.272773
-3.097047857130119,10.268511,4.2142906
-3.084468907566196,10.261155,4.148314
-3.071889958002273,10.251883,4.0753527
-3.05931100843835,10.240691,3.9959192
-3.046732058874427,10.227577,3.9105194
-3.034153109310503,10.212539,3.8196461
-3.021574159746581,10.195575,3.723775
-3.008995210182657,10.176679,3.6233652
-2.996416260618734,10.155851,3.51884
-2.983837311054811,10.133088,3.4106085
-2.971258361490888,10.108388,3.2990456
-2.958679411926965,10.081746,3.1844974
-2.946100462363042,10.053162,3.0672812
-2.933521512799119,10.022629,2.94769
-2.920942563235196,9.990149,2.8259802
-2.908363613671273,9.955715,2.7023876
-2.89578466410735,9.91933,2.5771217
-2.883205714543427,9.880986,2.4503546
-2.870626764979503,9.840684,2.3222494
-2.858047815415581,9.798421,2.1929379
-2.845468865851657,9.754197,2.0625384
-2.832889916287734,9.708011,1.9311442
-2.820310966723811,9.659862,1.7988324
-2.807732017159888,9.60975,1.6656655
-2.795153067595965,9.557678,1.5316937
-2.782574118032042,9.503647,1.3969496
-2.7699951684681188,9.4476595,1.2614658
-2.7574162189041957,9.38972,1.1252522
-2.7448372693402727,9.329834,0.9883226
-2.7322583197763497,9.268008,0.8506769
-2.7196793702124267,9.204249,0.7123141
-2.7071004206485028,9.138567,0.57322824
-2.6945214710845806,9.070975,0.43341178
-2.6819425215206567,9.00148,0.29284814
-2.6693635719567337,8.930102,0.15153244
-2.6567846223928107,8.856854,0.009448409
-2.6442056728288876,8.781756,-0.13341475
-2.6316267232649646,8.704827,-0.2770666
-2.6190477737010416,8.626088,-0.4215185
-2.6064688241371186,8.545564,-0.56677455
-2.5938898745731955,8.463282,-0.7128422
-2.5813109250092725,8.379268,-0.8597222
-2.5687319754453486,8.29355,-1.0074129
-2.5561530258814265,8.2061615,-1.1559114
-2.5435740763175025,8.117136,-1.3052101
-2.5309951267535804,8.0265045,-1.4552999
-2.5184161771896565,7.934306,-1.6061659
-2.5058372276257335,7.840575,-1.7577934
-2.4932582780618104,7.7453547,-1.9101522
-2.4806793284978874,7.6486754,-2.0632343
-2.4681003789339644,7.5505795,-2.2170057
-2.4555214293700414,7.451106,-2.371438
-2.4429424798061183,7.3502965,-2.5264978
-2.4303635302421953,7.248187,-2.6821508
-2.4177845806782723,7.1448193,-2.8383617
-2.4052056311143484,7.040231,-2.9950862
-2.3926266815504262,6.934461,-3.1522875
-2.3800477319865023,6.827544,-3.3099208
-2.36746878242258,6.719517,-3.4679408
-2.3548898328586563,6.610416,-3.6263
-2.3423108832947332,6.500272,-3.7849545
-2.3297319337308102,6.3891187,-3.943853
-2.317152984166887,6.2769866,-4.102947
-2.304574034602964,6.1639047,-4.26219
-2.291995085039041,6.0499024,-4.42153
-2.279416135475118,5.935004,-4.5809164
-2.266837185911195,5.8192363,-4.740304
-2.254258236347272,5.702621,-4.899643
-2.241679286783348,5.5851827,-5.058886
-2.229100337219426,5.466942,-5.217986
-2.216521387655502,5.3479195,-5.3768964
-2.203942438091579,5.2281327,-5.535576
-2.191363488527656,5.107602,-5.69398
-2.178784538963733,4.986344,-5.85207
-2.16620558939981,4.864376,-6.009804
-2.153626639835887,4.741715,-6.1671443
-2.141047690271964,4.6183743,-6.3240604
-2.128468740708041,4.494372,-6.480517
-2.115889791144118,4.369723,-6.6364803
-2.103310841580195,4.244441,-6.7919273
-2.090731892016272,4.118542,-6.9468284
-2.078152942452348,3.9920464,-7.101155
-2.065573992888426,3.8649592,-7.2548985
-2.052995043324502,3.7373004,-7.4080353
-2.0404160937605798,3.609085,-7.5605483
-2.027837144196656,3.4803302,-7.7124214
-2.015258194632733,3.3510516,-7.8636465
-2.00267924506881,3.2212658,-8.014214
-1.9901002955048868,3.09099,-8.164117
-1.9775213459409637,2.9602416,-8.313351
-1.9649423963770407,2.829039,-8.461912
-1.9523634468131177,2.697401,-8.609804
-1.9397844972491938,2.5653462,-8.757026
-1.9272055476852716,2.432895,-8.903584
-1.9146265981213477,2.3000674,-9.049482
-1.9020476485574256,2.1668844,-9.19473
-1.8894686989935017,2.0333676,-9.3393345
-1.8768897494295795,1.8995392,-9.483309
-1.8643107998656556,1.7654226,-9.626665
-1.8517318503017326,1.6310395,-9.769417
-1.8391529007378096,1.496416,-9.911575
-1.8265739511738865,1.3615757,-10.05316
-1.8139950016099635,1.2265433,-10.194188
-1.8014160520460405,1.0913445,-10.334675
-1.7888371024821175,0.95600575,-10.474639
-1.776258152918194,0.8205561,-10.614096
-1.763679203354271,0.6850173,-10.753073
-1.751100253790348,0.549419,-10.8915825
-1.738521304226425,0.4137888,-11.029648
-1.725942354662502,0.27815506,-11.167285
-1.7133634050985789,0.14254513,-11.304515
-1.7007844555346554,0.006988667,-11.441355
-1.6882055059707324,-0.1284864,-11.577825
-1.6756265564068094,-0.26385072,-11.71394
-1.6630476068428863,-0.39907646,-11.849716
-1.6504686572789633,-0.534135,-11.985174
-1.6378897077150403,-0.66899645,-12.120323
-1.6253107581511173,-0.80363363,-12.25518
-1.6127318085871938,-0.9380175,-12.389753
-1.6001528590232708,-1.0721203,-12.524057
-1.5875739094593477,-1.2059139,-12.658098
-1.5749949598954247,-1.3393681,-12.79188
-1.5624160103315017,-1.4724623,-12.925415
-1.5498370607675787,-1.6051661,-13.058701
-1.5372581112036552,-1.737455,-13.191744
-1.5246791616397322,-1.8693023,-13.324537
-1.5121002120758091,-2.0006843,-13.457081
-1.499521262511886,-2.1315768,-13.589369
-1.486942312947963,-2.2619562,-13.721394
-1.47436336338404,-2.3918009,-13.853146
-1.461784413820117,-2.5210888,-13.984613
-1.4492054642561936,-2.6498,-14.115785
-1.4366265146922705,-2.7779145,-14.246641
-1.4240475651283475,-2.9054134,-14.377167
-1.4114686155644245,-3.0322795,-14.507344
-1.3988896660005015,-3.1584954,-14.63715
-1.3863107164365784,-3.2840471,-14.766563
-1.373731766872655,-3.408918,-14.895563
-1.361152817308732,-3.5330932,-15.024122
-1.348573867744809,-3.6565645,-15.152221
-1.335994918180886,-3.7793186,-15.279834
-1.3234159686169629,-3.9013448,-15.406936
-1.3108370190530398,-4.0226336,-15.533503
-1.2982580694891164,-4.1431766,-15.659511
-1.2856791199251933,-4.262966,-15.784933
-1.2731001703612703,-4.3819957,-15.909753
-1.2605212207973473,-4.50026,-16.033943
-1.2479422712334243,-4.617753,-16.157482
-1.2353633216695012,-4.734471,-16.280352
-1.2227843721055782,-4.8504114,-16.402533
-1.2102054225416548,-4.965571,-16.524004
-1.1976264729777317,-5.079946,-16.644745
-1.1850475234138087,-5.193537,-16.764736
-1.1724685738498857,-5.306341,-16.883959
-1.1598896242859627,-5.4183555,-17.002388
-1.1473106747220396,-5.5295835,-17.12001
-1.1347317251581162,-5.640023,-17.236795
-1.1221527755941931,-5.7496734,-17.352722
-1.10957382603027,-5.858533,-17.467758
-1.096994876466347,-5.9666023,-17.581877
-1.084415926902424,-6.0738792,-17.695045
-1.071836977338501,-6.1803637,-17.807228
-1.0592580277745776,-6.286053,-17.918383
-1.0466790782106545,-6.3909464,-18.028473
-1.0341001286467315,-6.4950395,-18.137455
-1.0215211790828085,-6.5983315,-18.245287
-1.0089422295188855,-6.700816,-18.351925
-0.9963632799549624,-6.80249,-18.457321
-0.9837843303910394,-6.9033475,-18.561443
-0.9712053808271159,-7.003382,-18.664246
-0.9586264312631929,-7.102585,-18.765697
-0.9460474816992699,-7.20095,-18.86578
-0.9334685321353469,-7.2984686,-18.96446
-0.9208895825714238,-7.3951297,-19.061733
-0.9083106330075008,-7.4909215,-19.157593
-0.8957316834435773,-7.585832,-19.25204
-0.8831527338796543,-7.679849,-19.345089
-0.8705737843157313,-7.772957,-19.436756
-0.8579948347518083,-7.8651423,-19.527065
-0.8454158851878852,-7.956388,-19.616047
-0.8328369356239622,-8.0466795,-19.703732
-0.8202579860600392,-8.135999,-19.79015
-0.8076790364961157,-8.224326,-19.875332
-0.7951000869321927,-8.311646,-19.959295
-0.7825211373682697,-8.397936,-20.042053
-0.7699421878043466,-8.48318,-20.123611
-0.7573632382404236,-8.567353,-20.203955
-0.7447842886765006,-8.650442,-20.283054
-0.7322053391125771,-8.732424,-20.36087
-0.7196263895486541,-8.813277,-20.437342
-0.7070474399847311,-8.892984,-20.51239
-0.694468490420808,-8.971524,-20.585932
-0.681889540856885,-9.048879,-20.657864
-0.669310591292962,-9.125028,-20.728088
-0.656731641729039,-9.199952,-20.796495
-0.6441526921651155,-9.273636,-20.862984
-0.6315737426011925,-9.34606,-20.92746
-0.6189947930372695,-9.41721,-20.989845
-0.6064158434733464,-9.487067,-21.05008
-0.5938368939094234,-9.555619,-21.108124
-0.5812579443455004,-9.622849,-21.16397
-0.5686789947815769,-9.688746,-21.217634
-0.5561000452176539,-9.753297,-21.269165
-0.5435210956537309,-9.816487,-21.318636
-0.5309421460898078,-9.878309,-21.366158
-0.5183631965258848,-9.938752,-21.411861
-0.5057842469619618,-9.997807,-21.455902
-0.4932052973980383,-10.055464,-21.498463
-0.4806263478341153,-10.111716,-21.53973
-0.46804739827019226,-10.166554,-21.579908
-0.45546844870626924,-10.219974,-21.619205
-0.4428894991423462,-10.271968,-21.657818
-0.4303105495784232,-10.322532,-21.695932
-0.41773160001450016,-10.371658,-21.733713
-0.4051526504505767,-10.419346,-21.771296
-0.39257370088665366,-10.465586,-21.80877
-0.37999475132273064,-10.510378,-21.846178
-0.3674158017588076,-10.553716,-21.883512
-0.3548368521948846,-10.595596,-21.920698
-0.34225790263096156,-10.636016,-21.957613
-0.3296789530670381,-10.6749735,-21.994072
-0.31710000350311507,-10.712463,-22.029846
-0.30452105393919204,-10.748483,-22.064678
-0.291942104375269,-10.7830305,-22.098286
-0.279363154811346,-10.816104,-22.130386
-0.26678420524742297,-10.847699,-22.16071
-0.2542052556834995,-10.877814,-22.189014
-0.24162630611957647,-10.906446,-22.215096
-0.22904735655565345,-10.933595,-22.238802
-0.21646840699173042,-10.95926,-22.260021
-0.2038894574278074,-10.983436,-22.278696
-0.19131050786388437,-11.006124,-22.294815
-0.17873155829996135,-11.027322,-22.308401
-0.16615260873603788,-11.04703,-22.319515
-0.15357365917211485,-11.065249,-22.32824
-0.14099470960819183,-11.081977,-22.334682
-0.1284157600442688,-11.097215,-22.338943
-0.11583681048034578,-11.110963,-22.341145
-0.10325786091642275,-11.123221,-22.341402
-0.09067891135249928,-11.133992,-22.339827
-0.07809996178857626,-11.143276,-22.336525
-0.06552101222465323,-11.151076,-22.331596
-0.052942062660730205,-11.157392,-22.32513
-0.04036311309680718,-11.162227,-22.31721
-0.027784163532884154,-11.165584,-22.307898
-0.015205213968961129,-11.167463,-22.297264
-0.0026262644050381034,-11.1678705,-22.285355
0.009952685158884922,-11.166806,-22.272217
0.022531634722807947,-11.164274,-22.257889
0.03511058428673186,-11.160278,-22.242397
0.047689533850654886,-11.154821,-22.225765
0.06026848341457791,-11.147906,-22.208012
0.07284743297850094,-11.139537,-22.189148
0.08542638254242396,-11.129716,-22.169186
0.09800533210634699,-11.118446,-22.148125
0.11058428167027001,-11.105735,-22.12597
0.12316323123419304,-11.09158,-22.102715
0.13574218079811606,-11.07599,-22.078358
0.1483211303620391,-11.058965,-22.052889
0.16090007992596211,-11.04051,-22.026299
0.17347902948988514,-11.020629,-21.998579
0.18605797905380816,-10.999325,-21.969715
0.19863692861773208,-10.976602,-21.939693
0.2112158781816551,-10.952462,-21.908497
0.22379482774557813,-10.926911,-21.876114
0.23637377730950115,-10.899952,-21.842527
0.24895272687342418,-10.87159,-21.807716
0.2615316764373472,-10.841826,-21.771667
0.27411062600127023,-10.810666,-21.734364
0.28668957556519326,-10.778115,-21.695782
0.2992685251291163,-10.744177,-21.655907
0.3118474746930393,-10.708857,-21.614723
0.32442642425696233,-10.672157,-21.57221
0.33700537382088536,-10.634085,-21.528349
0.34958432338480927,-10.594644,-21.483126
0.3621632729487323,-10.55384,-21.436522
0.3747422225126553,-10.511676,-21.38852
0.38732117207657835,-10.468163,-21.339108
0.39990012164050137,-10.423301,-21.288265
0.4124790712044244,-10.377099,-21.235985
0.4250580207683474,-10.329564,-21.18225
0.43763697033227045,-10.280698,-21.127045
0.4502159198961935,-10.23051,-21.070364
0.4627948694601165,-10.179007,-21.012196
0.4753738190240395,-10.126194,-20.952534
0.48795276858796255,-10.072079,-20.891369
0.5005317181518856,-10.016666,-20.828697
0.5131106677158095,-9.959964,-20.764515
0.5256896172797325,-9.90198,-20.698822
0.5382685668436555,-9.842719,-20.631615
0.5508475164075786,-9.782186,-20.5629
0.5634264659715016,-9.720391,-20.492682
0.5760054155354246,-9.657336,-20.420963
0.5885843650993476,-9.593032,-20.347755
0.6011633146632707,-9.527481,-20.273067
0.6137422642271937,-9.4606905,-20.196915
0.6263212137911167,-9.392668,-20.119312
0.6389001633550397,-9.323414,-20.040274
0.6514791129189628,-9.252938,-19.95982
0.6640580624828858,-9.181243,-19.877972
0.6766370120468097,-9.108333,-19.794752
0.6892159616107327,-9.034214,-19.710182
0.7017949111746558,-8.958892,-19.62429
0.7143738607385788,-8.882367,-19.5371
0.7269528103025018,-8.804648,-19.448639
0.7395317598664248,-8.725736,-19.358934
0.7521107094303479,-8.645635,-19.268013
0.7646896589942709,-8.564347,-19.175903
0.7772686085581939,-8.481879,-19.082634
0.7898475581221169,-8.398234,-18.98823
0.80242650768604,-8.3134165,-18.89272
0.815005457249963,-8.2274275,-18.796125
0.827584406813886,-8.140273,-18.698475
0.8401633563778099,-8.051958,-18.59979
0.852742305941733,-7.962484,-18.5001
0.865321255505656,-7.871859,-18.399414
0.877900205069579,-7.7800846,-18.297758
0.890479154633502,-7.687168,-18.19515
0.903058104197425,-7.5931153,-18.091608
0.9156370537613481,-7.497931,-17.987146
0.9282160033252711,-7.4016247,-17.881779
0.9407949528891941,-7.3041997,-17.775517
0.9533739024531172,-7.205666,-17.668373
0.9659528520170402,-7.1060305,-17.560362
0.9785318015809632,-7.005303,-17.451485
0.9911107511448862,-6.903493,-17.341759
1.0036897007088101,-6.800609,-17.231188
1.0162686502727332,-6.6966634,-17.119778
1.0288475998366562,-6.5916667,-17.007542
1.0414265494005792,-6.4856334,-16.894485
1.0540054989645022,-6.3785725,-16.78061
1.0665844485284253,-6.270499,-16.665924
1.0791633980923483,-6.161427,-16.550438
1.0917423476562713,-6.0513716,-16.434155
1.1043212972201943,-5.9403486,-16.317081
1.1169002467841174,-5.828373,-16.199224
1.1294791963480404,-5.715463,-16.080595
1.1420581459119634,-5.6016374,-15.961197
1.1546370954758864,-5.4869103,-15.84104
1.1672160450398104,-5.371302,-15.720128
1.1797949946037334,-5.2548327,-15.5984745
1.1923739441676564,-5.1375213,-15.476086
1.2049528937315794,-5.0193877,-15.352971
1.2175318432955025,-4.9004545,-15.229139
1.2301107928594255,-4.78074,-15.104601
1.2426897424233485,-4.6602674,-14.9793625
1.2552686919872715,-4.5390577,-14.8534355
1.2678476415511946,-4.417135,-14.72683
1.2804265911151176,-4.294518,-14.599552
1.2930055406790406,-4.1712327,-14.471613
1.3055844902429636,-4.0473,-14.343021
1.3181634398068875,-3.9227438,-14.213783
1.3307423893708106,-3.7975872,-14.08391
1.3433213389347336,-3.671853,-13.953409
1.3559002884986566,-3.5455637,-13.822285
1.3684792380625797,-3.4187443,-13.690545
1.3810581876265027,-3.2914155,-13.558196
1.3936371371904257,-3.1636019,-13.425244
1.4062160867543487,-3.035326,-13.291695
1.4187950363182718,-2.906611,-13.157549
1.4313739858821948,-2.777478,-13.022813
1.4439529354461178,-2.6479502,-12.88749
1.4565318850100408,-2.5180495,-12.751581
1.4691108345739639,-2.3877983,-12.615089
1.4816897841378878,-2.2572165,-12.478016
1.4942687337018108,-2.1263258,-12.340362
1.5068476832657338,-1.9951462,-12.202126
1.5194266328296568,-1.8636992,-12.0633135
1.5320055823935799,-1.7320037,-11.92392
1.544584531957503,-1.6000781,-11.783945
1.557163481521426,-1.467943,-11.643393
1.569742431085349,-1.3356158,-11.50226
1.582321380649272,-1.2031131,-11.360546
1.594900330213195,-1.0704535,-11.218252
1.607479279777118,-0.9376528,-11.07538
1.620058229341041,-0.80472827,-10.931931
1.632637178904964,-0.6716941,-10.787905
1.645216128468888,-0.53856456,-10.643303
1.657795078032811,-0.4053551,-10.498129
1.670374027596734,-0.27207935,-10.352388
1.682952977160657,-0.13874924,-10.206083
1.69553192672458,-0.0053783134,-10.059219
1.708110876288503,0.12802225,-9.911804
1.7206898258524261,0.26144135,-9.763844
1.7332687754163492,0.39486766,-9.615348
1.7458477249802722,0.52829117,-9.466325
1.7584266745441952,0.66170216,-9.316787
1.7710056241081182,0.7950915,-9.166746
1.7835845736720413,0.92845,-9.016217
1.7961635232359643,1.061769,-8.8652115
1.8087424727998882,1.1950411,-8.713747
1.8213214223638112,1.3282565,-8.56184
1.8339003719277343,1.4614078,-8.40951
1.8464793214916573,1.5944868,-8.256774
1.8590582710555803,1.7274854,-8.103652
1.8716372206195033,1.8603941,-7.9501686
1.8842161701834264,1.993206,-7.796342
1.8967951197473494,2.12591,-7.6421943
1.9093740693112724,2.258497,-7.487753
1.9219530188751954,2.3909552,-7.33304
1.9345319684391185,2.5232744,-7.1780787
1.9471109180030415,2.6554403,-7.022897
1.9596898675669654,2.7874393,-6.867516
1.9722688171308884,2.9192567,-6.7119656
1.9848477666948114,3.0508745,-6.5562696
1.9974267162587345,3.1822755,-6.4004545
2.0100056658226575,3.313439,-6.244546
2.0225846153865805,3.4443417,-6.0885706
2.0351635649505035,3.5749614,-5.9325542
2.0477425145144266,3.705271,-5.7765217
2.0603214640783496,3.8352432,-5.6204996
2.0729004136422726,3.964848,-5.464514
2.0854793632061956,4.094053,-5.308589
2.0980583127701187,4.2228246,-5.15275
2.1106372623340417,4.3511267,-4.9970217
2.1232162118979656,4.4789224,-4.8414307
2.1357951614618886,4.606171,-4.686
2.1483741110258117,4.7328334,-4.530756
2.1609530605897347,4.858866,-4.375723
2.1735320101536577,4.9842267,-4.220927
2.1861109597175807,5.108871,-4.0663924
2.1986899092815038,5.2327533,-3.9121468
2.211268858845427,5.3558292,-3.758215
2.22384780840935,5.4780517,-3.6046226
2.236426757973273,5.5993752,-3.4514017
2.249005707537196,5.7197537,-3.298578
2.261584657101119,5.8391423,-3.1461806
2.274163606665042,5.957496,-2.9942427
2.286742556228966,6.07477,-2.842792
2.299321505792889,6.1909204,-2.6918645
2.311900455356812,6.305907,-2.5414932
2.324479404920735,6.4196863,-2.391714
2.337058354484658,6.5322185,-2.2425632
2.349637304048581,6.643466,-2.094079
2.362216253612504,6.7533913,-1.9463013
2.374795203176427,6.8619576,-1.7992709
2.38737415274035,6.969132,-1.6530287
2.399953102304273,7.0748816,-1.5076189
2.412532051868196,7.179175,-1.3630843
2.425111001432119,7.281983,-1.2194699
2.437689950996042,7.3832784,-1.0768198
2.450268900559966,7.483035,-0.9351785
2.462847850123889,7.5812283,-0.7945934
2.475426799687812,7.677834,-0.6551061
2.488005749251735,7.7728333,-0.5167603
2.500584698815658,7.866204,-0.37959868
2.513163648379581,7.95793,-0.24365914
2.525742597943504,8.047992,-0.10898131
2.5383215475074272,8.136376,0.024403632
2.5509004970713502,8.223067,0.15646416
2.5634794466352733,8.308054,0.28717577
2.5760583961991963,8.391324,0.41651744
2.5886373457631193,8.472865,0.5444766
2.6012162953270423,8.5526705,0.67104447
2.6137952448909663,8.63073,0.7962223
2.6263741944548893,8.707036,0.9200202
2.6389531440188123,8.781583,1.0424559
2.6515320935827353,8.854364,1.1635585
2.6641110431466584,8.925376,1.283365
2.6766899927105814,8.994612,1.4019272
2.6892689422745044,9.062067,1.5193058
2.7018478918384274,9.127742,1.6355729
2.7144268414023505,9.19163,1.7508103
2.7270057909662735,9.253728,1.8651117
2.7395847405301965,9.314034,1.9785783
2.7521636900941195,9.372546,2.091314
2.7647426396580426,9.429261,2.203431
2.7773215892219665,9.484178,2.3150377
2.7899005387858895,9.537292,2.426238
2.8024794883498125,9.588599,2.5371163
2.8150584379137356,9.638103,2.6477492
2.8276373874776586,9.685795,2.7581775
2.8402163370415816,9.731674,2.868402
2.8527952866055046,9.775739,2.9783802
2.8653742361694277,9.817983,3.0880013
2.8779531857333507,9.858405,3.1970952
2.8905321352972737,9.896999,3.305395
2.9031110848611967,9.933764,3.4125543
2.9156900344251198,9.968696,3.518128
2.9282689839890437,10.00179,3.6215754
2.9408479335529667,10.033041,3.7222548
2.9534268831168897,10.062446,3.8194537
2.9660058326808127,10.089999,3.9123836
2.9785847822447358,10.115699,4.0002203
2.991163731808659,10.139541,4.082115
3.003742681372582,10.161517,4.157234
3.016321630936505,10.181628,4.2247906
3.028900580500428,10.199865,4.284067
3.041479530064351,10.216229,4.3344417
3.054058479628274,10.230714,4.375408
3.066637429192197,10.243316,4.4065876
3.07921637875612,10.254032,4.4277334
3.091795328320044,10.262858,4.4387293
3.104374277883967,10.26979,4.439579
3.11695322744789,10.274828,4.4304075
3.129532177011813,10.277966,4.411434
3.142111126575736,10.279202,4.3829584
3.154690076139659,10.278533,4.3453536
3.167269025703582,10.275958,4.2990456
3.179847975267505,10.271472,4.2444997
3.192426924831428,10.265073,4.182206
3.205005874395351,10.256758,4.112673
3.217584823959274,10.246527,4.0364137
3.230163773523197,10.234374,3.9539337
3.24274272308712,10.220299,3.8657367
3.255321672651044,10.204297,3.772307
3.267900622214967,10.186368,3.6741114
3.28047957177889,10.166507,3.5715919
3.293058521342813,10.144712,3.4651656
3.305637470906736,10.12098,3.3552227
3.3182164204706592,10.09531,3.2421246
3.3307953700345823,10.067698,3.126205
3.3433743195985053,10.038139,3.0077682
3.3559532691624283,10.006633,2.8870852
3.3685322187263513,9.973176,2.764407
3.3811111682902744,9.937766,2.6399527
3.3936901178541974,9.900401,2.5139132
3.4062690674181204,9.861079,2.3864589
3.4188480169820443,9.819797,2.2577348
3.4314269665459673,9.776553,2.1278675
3.4440059161098904,9.731349,1.9969575
3.4565848656738134,9.68418,1.8650962
3.4691638152377364,9.635051,1.7323498
3.4817427648016595,9.583959,1.5987759
3.4943217143655825,9.530907,1.464416
3.5069006639295055,9.475898,1.329299
3.5194796134934285,9.418934,1.1934471
3.5320585630573516,9.360021,1.056877
3.5446375126212746,9.299163,0.91958916
3.5572164621851976,9.236369,0.78158516
3.5697954117491215,9.171648,0.64286184
3.5823743613130445,9.105009,0.50341207
3.5949533108769676,9.036464,0.36322314
3.6075322604408906,8.966026,0.22228688
3.6201112100048136,8.893711,0.08058688
3.6326901595687366,8.819536,-0.061883748
3.6452691091326597,8.743519,-0.20514196
3.6578480586965827,8.665683,-0.3491918
3.6704270082605057,8.586049,-0.49404502
3.6830059578244287,8.504642,-0.63970685
3.6955849073883518,8.421491,-0.7861794
3.708163856952275,8.336621,-0.9334627
3.720742806516198,8.250064,-1.0815594
3.7333217560801217,8.161853,-1.230459
3.7459007056440448,8.07202,-1.3801548
3.758479655207968,7.980601,-1.5306349
3.771058604771891,7.887631,-1.6818833
3.783637554335814,7.7931485,-1.8338804
3.796216503899737,7.697193,-1.9866077
3.80879545346366,7.5998006,-2.1400373
3.821374403027583,7.5010114,-2.294144
3.833953352591506,7.400864,-2.4488935
3.846532302155429,7.2994003,-2.6042547
3.859111251719352,7.1966577,-2.7601914
3.871690201283275,7.0926743,-2.9166656
3.884269150847198,6.987491,-3.0736322
3.896848100411122,6.881142,-3.2310543
3.909427049975045,6.773667,-3.388886
3.922005999538968,6.6650977,-3.5470822
3.93458494910289,6.555471,-3.7055945
3.947163898666814,6.444819,-3.8643763
3.959742848230736,6.3331723,-4.0233793
3.97232179779466,6.2205625,-4.182553
3.984900747358584,6.107017,-4.34185
3.997479696922506,5.9925637,-4.501219
4.01005864648643,5.8772273,-4.6606126
4.022637596050352,5.7610335,-4.8199816
4.035216545614276,5.644005,-4.9792776
4.047795495178198,5.5261617,-5.1384554
4.060374444742122,5.4075274,-5.297467
4.072953394306044,5.2881207,-5.456268
4.085532343869968,5.16796,-5.614814
4.09811129343389,5.0470643,-5.773064
4.110690242997814,4.925449,-5.930981
4.123269192561736,4.8031325,-6.0885234
4.13584814212566,4.68013,-6.245656
4.148427091689584,4.5564575,-6.4023457
4.161006041253506,4.4321294,-6.5585594
4.17358499081743,4.307162,-6.7142677
4.186163940381352,4.1815696,-6.8694463
4.198742889945276,4.0553694,-7.024063
4.211321839509198,3.9285734,-7.1781054
4.223900789073122,3.801198,-7.3315477
4.236479738637044,3.673259,-7.484372
4.249058688200968,3.544773,-7.6365666
4.26163763776489,3.4157536,-7.788119
4.274216587328814,3.2862196,-7.939015
4.286795536892736,3.1561863,-8.089251
4.29937448645666,3.025672,-8.238819
4.311953436020584,2.8946948,-8.387716
4.324532385584506,2.7632716,-8.535944
4.33711133514843,2.6314228,-8.6835
4.349690284712352,2.499167,-8.830389
4.362269234276276,2.3665278,-8.976615
4.374848183840198,2.2335193,-9.122187
4.387427133404122,2.100167,-9.267111
4.400006082968044,1.9664922,-9.4114
4.412585032531968,1.8325163,-9.555063
4.42516398209589,1.6982641,-9.698114
4.437742931659814,1.5637573,-9.840568
4.450321881223736,1.4290218,-9.982439
4.46290083078766,1.2940825,-10.123742
4.475479780351584,1.1589636,-10.264497
4.488058729915506,1.0236919,-10.40472
4.50063767947943,0.8882926,-10.544432
4.513216629043352,0.75279367,-10.683646
4.525795578607276,0.61722183,-10.822388
4.5383745281711985,0.48160368,-10.960671
4.550953477735122,0.34596857,-11.09852
4.5635324272990445,0.21034569,-11.2359495
4.576111376862968,0.07475933,-11.372982
4.588690326426891,-0.060760237,-11.509635
4.6012692759908145,-0.19618303,-11.645924
4.613848225554737,-0.331482,-11.781868
4.6264271751186605,-0.46662736,-11.917484
4.639006124682584,-0.60159093,-12.052786
4.651585074246507,-0.7363442,-12.187787
4.6641640238104305,-0.8708582,-12.3225
4.676742973374353,-1.0051045,-12.456937
4.6893219229382765,-1.1390563,-12.59111
4.701900872502199,-1.2726852,-12.72502
4.714479822066123,-1.405964,-12.858679
4.727058771630045,-1.5388665,-12.992089
4.739637721193969,-1.6713662,-13.125255
4.752216670757891,-1.8034375,-13.258173
4.764795620321815,-1.9350525,-13.39084
4.777374569885739,-2.0661926,-13.523256
4.789953519449661,-2.196831,-13.655415
4.802532469013585,-2.3269458,-13.787304
4.815111418577507,-2.4565148,-13.918915
4.827690368141431,-2.5855172,-14.050238
4.840269317705353,-2.713932,-14.181252
4.852848267269277,-2.841741,-14.311945
4.865427216833199,-2.968926,-14.442301
4.878006166397123,-3.095469,-14.572294
4.890585115961045,-3.2213547,-14.701907
4.903164065524969,-3.3465676,-14.831116
4.915743015088891,-3.471094,-14.959901
4.928321964652815,-3.5949197,-15.088234
4.940900914216739,-3.7180343,-15.216092
4.953479863780661,-3.840425,-15.343452
4.966058813344585,-3.9620814,-15.470287
4.978637762908507,-4.0829988,-15.596577
4.991216712472431,-4.203165,-15.722295
5.003795662036353,-4.3225756,-15.84742
5.016374611600277,-4.4412227,-15.971924
5.028953561164199,-4.559102,-16.095795
5.041532510728123,-4.6762085,-16.219004
5.054111460292045,-4.792538,-16.34153
5.066690409855969,-4.9080877,-16.463358
5.079269359419891,-5.0228558,-16.584465
5.091848308983815,-5.136839,-16.704834
5.104427258547739,-5.2500367,-16.824444
5.117006208111661,-5.3624473,-16.943274
5.129585157675585,-5.47407,-17.061302
5.142164107239507,-5.5849037,-17.178509
5.154743056803431,-5.6949487,-17.29487
5.167322006367353,-5.8042035,-17.410355
5.179900955931277,-5.9126654,-17.524933
5.192479905495199,-6.0203385,-17.638582
5.205058855059123,-6.1272197,-17.751263
5.217637804623045,-6.2333074,-17.862934
5.230216754186969,-6.3385987,-17.973564
5.242795703750891,-6.443092,-18.083107
5.255374653314815,-6.546785,-18.191517
5.267953602878739,-6.649675,-18.298758
5.280532552442661,-6.7517543,-18.40478
5.293111502006585,-6.853021,-18.509544
5.3056904515705074,-6.953468,-18.61301
5.318269401134431,-7.0530887,-18.715143
5.3308483506983535,-7.151874,-18.815914
5.343427300262277,-7.2498174,-18.915297
5.3560062498261996,-7.3469086,-19.013275
5.3685851993901235,-7.4431357,-19.10984
5.381164148954046,-7.538487,-19.204992
5.3937430985179695,-7.632952,-19.298738
5.406322048081892,-7.7265167,-19.391092
5.418900997645816,-7.8191657,-19.482075
5.4314799472097395,-7.9108834,-19.571718
5.444058896773662,-8.001655,-19.66005
5.4566378463375855,-8.091462,-19.747097
5.469216795901508,-8.180287,-19.832893
5.481795745465432,-8.268113,-19.917463
5.494374695029354,-8.35492,-20.000824
5.506953644593278,-8.44069,-20.082983
5.5195325941572,-8.525402,-20.163937
5.532111543721124,-8.609036,-20.243664
5.544690493285046,-8.691574,-20.322128
5.55726944284897,-8.772994,-20.39928
5.569848392412892,-8.853276,-20.47505
5.582427341976816,-8.932401,-20.549355
5.59500629154074,-9.01035,-20.622105
5.607585241104662,-9.087105,-20.6932
5.620164190668586,-9.162643,-20.762526
5.632743140232508,-9.23695,-20.829985
5.645322089796432,-9.310006,-20.895477
5.657901039360354,-9.381795,-20.958918
5.670479988924278,-9.4523,-21.020233
5.6830589384882,-9.521507,-21.079376
5.695637888052124,-9.5894,-21.136322
5.708216837616046,-9.655965,-21.191072
5.72079578717997,-9.72119,-21.243662
5.733374736743892,-9.785063,-21.294153
5.745953686307816,-9.847571,-21.342632
5.75853263587174,-9.908705,-21.389227
5.771111585435662,-9.968454,-21.434078
5.783690534999586,-10.026811,-21.477356
5.796269484563508,-10.083766,-21.519245
5.808848434127432,-10.139312,-21.559944
5.821427383691354,-10.193441,-21.599655
5.834006333255278,-10.246149,-21.638584
5.8465852828192,-10.297429,-21.676926
5.859164232383124,-10.347275,-21.714855
5.871743181947046,-10.395682,-21.752523
5.88432213151097,-10.442646,-21.790043
5.896901081074892,-10.488163,-21.827482
5.909480030638816,-10.5322275,-21.864857
5.92205898020274,-10.574838,-21.90213
5.934637929766662,-10.615989,-21.9392
5.947216879330586,-10.655679,-21.975912
5.959795828894508,-10.693901,-22.01206
5.972374778458432,-10.730658,-22.047398
5.984953728022354,-10.765942,-22.081654
5.997532677586278,-10.799752,-22.114542
6.0101116271502,-10.832086,-22.145786
6.022690576714124,-10.862941,-22.175129
6.0352695262780465,-10.892314,-22.202345
6.04784847584197,-10.920207,-22.227253
6.0604274254058925,-10.946614,-22.249725
6.073006374969816,-10.971533,-22.269678
6.08558532453374,-10.9949665,-22.287075
6.0981642740976625,-11.01691,-22.301922
6.110743223661586,-11.037364,-22.314262
6.1233221732255085,-11.056327,-22.32417
6.1359011227894324,-11.0738,-22.331741
6.148480072353355,-11.089783,-22.337074
6.1610590219172785,-11.104276,-22.340294
6.173637971481201,-11.117278,-22.341507
6.1862169210451246,-11.128793,-22.340836
6.198795870609047,-11.13882,-22.338385
6.211374820172971,-11.147362,-22.334259
6.223953769736893,-11.15442,-22.328552
6.236532719300817,-11.159994,-22.32135
6.249111668864741,-11.16409,-22.312725
6.261690618428663,-11.166707,-22.302742
6.274269567992587,-11.167851,-22.291466
6.286848517556509,-11.167521,-22.278934
6.299427467120433,-11.165724,-22.265202
6.312006416684355,-11.16246,-22.250286
6.324585366248279,-11.157733,-22.234222
6.337164315812201,-11.151547,-22.21703
6.349743265376125,-11.143903,-22.198719
6.362322214940047,-11.134807,-22.179304
6.374901164503971,-11.124263,-22.15879
6.387480114067893,-11.112269,-22.137184
6.400059063631817,-11.098837,-22.11448
6.412638013195741,-11.083964,-22.090675
6.425216962759663,-11.0676565,-22.065762
6.437795912323587,-11.049916,-22.039734
6.450374861887509,-11.030747,-22.01258
6.462953811451433,-11.010156,-21.984291
6.475532761015355,-10.988139,-21.954847
6.488111710579279,-10.964707,-21.924244
6.500690660143201,-10.939863,-21.892456
6.513269609707125,-10.913608,-21.859474
6.525848559271047,-10.885947,-21.825277
6.538427508834971,-10.856883,-21.789848
6.551006458398895,-10.826421,-21.753174
6.563585407962817,-10.794566,-21.715233
6.576164357526741,-10.76132,-21.676006
6.588743307090663,-10.72669,-21.63548
6.601322256654587,-10.690679,-21.593634
6.613901206218509,-10.653293,-21.55045
6.626480155782433,-10.614535,-21.505909
6.639059105346355,-10.57441,-21.46
6.651638054910279,-10.532927,-21.412697
6.664217004474201,-10.490088,-21.36399
6.676795954038125,-10.445901,-21.313868
6.689374903602047,-10.400368,-21.262306
6.701953853165971,-10.3534975,-21.2093
6.714532802729895,-10.305296,-21.15483
6.727111752293817,-10.255769,-21.09889
6.739690701857741,-10.204923,-21.041468
6.752269651421663,-10.152764,-20.982552
6.764848600985587,-10.0992985,-20.922138
6.777427550549509,-10.044534,-20.860222
6.790006500113433,-9.988476,-20.796795
6.8025854496773555,-9.931131,-20.731855
6.815164399241279,-9.872508,-20.665407
6.8277433488052015,-9.81261,-20.597446
6.840322298369125,-9.751446,-20.527979
6.852901247933048,-9.689019,-20.457008
6.8654801974969715,-9.625339,-20.384544
6.878059147060895,-9.560411,-20.310593
6.8906380966248175,-9.494241,-20.235172
6.903217046188741,-9.426831,-20.15829
6.915795995752664,-9.358195,-20.079971
6.9283749453165875,-9.288329,-20.000223
6.94095389488051,-9.217243,-19.919071
6.9535328444444335,-9.14494,-19.836533
6.966111794008356,-9.071425,-19.752636
6.97869074357228,-8.996704,-19.6674
6.991269693136202,-8.92078,-19.580856
7.003848642700126,-8.843658,-19.493027
7.016427592264048,-8.765342,-19.403942
7.029006541827972,-8.685834,-19.313625
7.041585491391896,-8.605139,-19.222107
7.054164440955818,-8.523262,-19.129414
7.066743390519742,-8.440206,-19.035572
7.079322340083664,-8.355972,-18.94061
7.091901289647588,-8.270568,-18.844555
7.10448023921151,-8.183996,-18.74743
7.117059188775434,-8.096259,-18.64926
7.129638138339356,-8.007364,-18.55007
7.14221708790328,-7.917314,-18.449877
7.154796037467202,-7.826114,-18.348705
7.167374987031126,-7.733768,-18.246572
7.179953936595048,-7.640283,-18.143494
7.192532886158972,-7.545664,-18.03949
7.205111835722896,-7.4499173,-17.934572
7.217690785286818,-7.3530498,-17.828758
7.230269734850742,-7.2550697,-17.722054
7.242848684414664,-7.155984,-17.614473
7.255427633978588,-7.0558014,-17.506027
7.26800658354251,-6.9545307,-17.396725
7.280585533106434,-6.852183,-17.286575
7.293164482670356,-6.7487674,-17.175585
7.30574343223428,-6.6442943,-17.063765
7.318322381798202,-6.538781,-16.951118
7.330901331362126,-6.4322314,-16.83765
7.343480280926048,-6.3246627,-16.72337
7.356059230489972,-6.2160883,-16.608282
7.368638180053896,-6.106522,-16.492397
7.381217129617818,-5.9959817,-16.375717
7.393796079181742,-5.8844805,-16.258253
7.406375028745664,-5.7720356,-16.140007
7.418953978309588,-5.658665,-16.020992
7.43153292787351,-5.5443854,-15.901213
7.444111877437434,-5.429216,-15.780678
7.456690827001356,-5.3131742,-15.659394
7.46926977656528,-5.1962814,-15.537372
7.481848726129202,-5.0785565,-15.4146185
7.494427675693126,-4.9600205,-15.291144
7.507006625257048,-4.840694,-15.166958
7.519585574820972,-4.7205973,-15.0420685
7.532164524384896,-4.5997534,-14.916485
7.544743473948818,-4.4781837,-14.790216
7.557322423512742,-4.3559113,-14.663275
7.569901373076664,-4.232957,-14.535664
7.582480322640588,-4.109345,-14.407397
7.5950592722045105,-3.985098,-14.278481
7.607638221768434,-3.8602378,-14.148924
7.6202171713323565,-3.7347894,-14.018736
7.6327961208962805,-3.608775,-13.887922
7.645375070460203,-3.482218,-13.756489
7.6579540200241265,-3.3551404,-13.624445
7.670532969588049,-3.2275662,-13.491795
7.683111919151973,-3.0995188,-13.3585415
7.6956908687158965,-2.97102,-13.224693
7.708269818279819,-2.8420928,-13.090252
7.7208487678437425,-2.7127597,-12.955222
7.733427717407665,-2.5830476,-12.819611
7.746006666971589,-2.4529686,-12.683411
7.758585616535511,-2.3225489,-12.546627
7.771164566099435,-2.1918101,-12.409264
7.783743515663357,-2.0607727,-12.2713175
7.796322465227281,-1.9294566,-12.132793
7.808901414791203,-1.7978824,-11.993689
7.821480364355127,-1.6660694,-11.854006
7.834059313919049,-1.5340371,-11.713742
7.846638263482973,-1.4018035,-11.572899
7.859217213046897,-1.2693859,-11.431477
7.871796162610819,-1.136803,-11.289473
7.884375112174743,-1.0040704,-11.146891
7.896954061738665,-0.87120605,-11.003729
7.909533011302589,-0.7382237,-10.859989
7.922111960866511,-0.60514015,-10.715675
7.934690910430435,-0.4719693,-10.570787
7.947269859994357,-0.33872402,-10.425329
7.959848809558281,-0.20541966,-10.2793045
7.972427759122203,-0.07206745,-10.132719
7.985006708686127,0.06131994,-9.985579
7.997585658250051,0.1947316,-9.83789
8.010164607813973,0.32815516,-9.689661
8.022743557377897,0.46158212,-9.540898
8.035322506941819,0.59500057,-9.391617
8.047901456505743,0.72840184,-9.241827
8.060480406069665,0.86177695,-9.09154
8.073059355633589,0.9951173,-8.94077
8.085638305197511,1.1284132,-8.789534
8.098217254761435,1.2616583,-8.637846
8.110796204325357,1.3948431,-8.485725
8.123375153889281,1.527959,-8.333189
8.135954103453203,1.6609939,-8.1802635
8.148533053017127,1.7939487,-8.026958
8.161112002581051,1.9268107,-7.873299
8.173690952144973,2.0595698,-7.719309
8.186269901708897,2.1922166,-7.565012
8.19884885127282,2.324741,-7.410432
8.211427800836743,2.4571314,-7.2555904
8.224006750400665,2.589376,-7.1005154
8.23658569996459,2.7214603,-6.945231
8.249164649528511,2.8533704,-6.7897615
8.261743599092435,2.9850905,-6.6341352
8.274322548656357,3.1166027,-6.478376
8.286901498220281,3.2478876,-6.3225117
8.299480447784203,3.378924,-6.166566
8.312059397348127,3.509688,-6.010566
8.324638346912051,3.6401565,-5.8545384
8.337217296475973,3.7703009,-5.6985083
8.349796246039897,3.9000936,-5.5425005
8.36237519560382,4.029503,-5.3865414
8.374954145167743,4.1584954,-5.2306566
8.387533094731666,4.2870374,-5.074869
8.40011204429559,4.4150906,-4.9192066
8.412690993859512,4.542618,-4.763693
8.425269943423435,4.669579,-4.608352
8.437848892987358,4.795932,-4.453211
8.450427842551282,4.921634,-4.298293
8.463006792115204,5.046643,-4.143623
8.475585741679128,5.1709123,-3.9892297
8.488164691243052,5.294397,-3.8351378
