theta,V_unperturbed,V_perturbed_dvnet_poly
-4.078205923116121,5.2943935,6.8541527
-4.065626973552197,5.4170485,7.0026817
-4.053048023988275,5.538827,7.1510344
-4.040469074424351,5.6596837,7.299244
-4.027890124860429,5.779574,7.447342
-4.015311175296505,5.8984504,7.5953536
-4.002732225732583,6.01627,7.743304
-3.9901532761686584,6.1329885,7.891209
-3.9775743266047354,6.2485623,8.039082
-3.9649953770408124,6.36295,8.186925
-3.9524164274768894,6.47611,8.334732
-3.9398374779129663,6.588005,8.482491
-3.9272585283490433,6.6985955,8.630171
-3.9146795787851203,6.807846,8.777736
-3.9021006292211973,6.915721,8.925131
-3.8895216796572742,7.0221868,9.072293
-3.876942730093351,7.1272125,9.219148
-3.864363780529428,7.230767,9.365604
-3.851784830965505,7.3328223,9.511571
-3.839205881401582,7.4333515,9.656941
-3.8266269318376582,7.532329,9.80161
-3.814047982273735,7.6297317,9.945466
-3.801469032709812,7.7255373,10.088399
-3.788890083145889,7.8197246,10.230303
-3.776311133581966,7.912275,10.371073
-3.763732184018043,8.003171,10.5106125
-3.75115323445412,8.092396,10.648831
-3.738574284890197,8.179935,10.785648
-3.725995335326274,8.265777,10.92099
-3.713416385762351,8.349903,11.054784
-3.700837436198428,8.432309,11.186981
-3.688258486634505,8.512984,11.317529
-3.675679537070582,8.591918,11.4463825
-3.663100587506658,8.669102,11.5735035
-3.650521637942735,8.744529,11.698861
-3.637942688378812,8.818194,11.822432
-3.625363738814889,8.890092,11.944195
-3.612784789250966,8.960216,12.064137
-3.600205839687043,9.028562,12.182252
-3.58762689012312,9.095128,12.298543
-3.575047940559197,9.159909,12.413017
-3.562468990995274,9.222901,12.525696
-3.549890041431351,9.284104,12.636615
-3.5373110918674278,9.343514,12.745822
-3.524732142303504,9.401129,12.853382
-3.5121531927395817,9.456944,12.959382
-3.499574243175658,9.51096,13.063933
-3.4869952936117348,9.563171,13.167175
-3.4744163440478117,9.613578,13.269278
-3.4618373944838887,9.662175,13.370443
-3.4492584449199657,9.7089615,13.470915
-3.4366794953560427,9.753934,13.570972
-3.4241005457921196,9.797089,13.67093
-3.4115215962281966,9.838422,13.771137
-3.3989426466642736,9.877931,13.871967
-3.3863636971003506,9.915611,13.973797
-3.3737847475364275,9.951461,14.076988
-3.3612057979725036,9.985473,14.181847
-3.3486268484085815,10.017646,14.288586
-3.3360478988446576,10.047975,14.397257
-3.3234689492807346,10.076455,14.50769
-3.3108899997168115,10.103081,14.619417
-3.2983110501528885,10.1278515,14.731625
-3.2857321005889655,10.150762,14.8430805
-3.2731531510250425,10.171805,14.952126
-3.2605742014611194,10.190981,15.0567
-3.2479952518971964,10.208282,15.154413
-3.2354163023332734,10.223706,15.2426605
-3.2228373527693503,10.23725,15.318772
-3.2102584032054273,10.24891,15.380192
-3.1976794536415034,10.258681,15.424635
-3.1851005040775813,10.266561,15.450243
-3.1725215545136574,10.272547,15.455711
-3.1599426049497343,10.276634,15.440369
-3.1473636553858113,10.278822,15.404247
-3.1347847058218883,10.279106,15.348106
-3.1222057562579653,10.277484,15.273401
-3.1096268066940422,10.273953,15.182217
-3.097047857130119,10.268511,15.077119
-3.084468907566196,10.261155,14.960966
-3.071889958002273,10.251883,14.836683
-3.05931100843835,10.240691,14.7070465
-3.046732058874427,10.227577,14.57451
-3.034153109310503,10.212539,14.441088
-3.021574159746581,10.195575,14.308321
-3.008995210182657,10.176679,14.177275
-2.996416260618734,10.155851,14.048617
-2.983837311054811,10.133088,13.922676
-2.971258361490888,10.108388,13.799525
-2.958679411926965,10.081746,13.679054
-2.946100462363042,10.053162,13.561035
-2.933521512799119,10.022629,13.445158
-2.920942563235196,9.990149,13.331078
-2.908363613671273,9.955715,13.2184305
-2.89578466410735,9.91933,13.106861
-2.883205714543427,9.880986,12.996014
-2.870626764979503,9.840684,12.885561
-2.858047815415581,9.798421,12.775196
-2.845468865851657,9.754197,12.664638
-2.832889916287734,9.708011,12.553626
-2.820310966723811,9.659862,12.441925
-2.807732017159888,9.60975,12.329321
-2.795153067595965,9.557678,12.215623
-2.782574118032042,9.503647,12.100655
-2.7699951684681188,9.4476595,11.984261
-2.7574162189041957,9.38972,11.866296
-2.7448372693402727,9.329834,11.7466345
-2.7322583197763497,9.268008,11.625158
-2.7196793702124267,9.204249,11.50176
-2.7071004206485028,9.138567,11.37634
-2.6945214710845806,9.070975,11.248813
-2.6819425215206567,9.00148,11.119087
-2.6693635719567337,8.930102,10.987093
-2.6567846223928107,8.856854,10.852757
-2.6442056728288876,8.781756,10.716018
-2.6316267232649646,8.704827,10.57682
-2.6190477737010416,8.626088,10.43512
-2.6064688241371186,8.545564,10.290884
-2.5938898745731955,8.463282,10.144101
-2.5813109250092725,8.379268,9.994774
-2.5687319754453486,8.29355,9.842927
-2.5561530258814265,8.2061615,9.688619
-2.5435740763175025,8.117136,9.531935
-2.5309951267535804,8.0265045,9.372991
-2.5184161771896565,7.934306,9.211938
-2.5058372276257335,7.840575,9.048956
-2.4932582780618104,7.7453547,8.88426
-2.4806793284978874,7.6486754,8.718065
-2.4681003789339644,7.5505795,8.55062
-2.4555214293700414,7.451106,8.382172
-2.4429424798061183,7.3502965,8.212973
-2.4303635302421953,7.248187,8.0432625
-2.4177845806782723,7.1448193,7.8732767
-2.4052056311143484,7.040231,7.7032394
-2.3926266815504262,6.934461,7.533365
-2.3800477319865023,6.827544,7.3638573
-2.36746878242258,6.719517,7.1949167
-2.3548898328586563,6.610416,7.026737
-2.3423108832947332,6.500272,6.859502
-2.3297319337308102,6.3891187,6.6933875
-2.317152984166887,6.2769866,6.528554
-2.304574034602964,6.1639047,6.3651414
-2.291995085039041,6.0499024,6.203265
-2.279416135475118,5.935004,6.0430074
-2.266837185911195,5.8192363,5.88442
-2.254258236347272,5.702621,5.727517
-2.241679286783348,5.5851827,5.572285
-2.229100337219426,5.466942,5.4186773
-2.216521387655502,5.3479195,5.266624
-2.203942438091579,5.2281327,5.116032
-2.191363488527656,5.107602,4.9667997
-2.178784538963733,4.986344,4.818812
-2.16620558939981,4.864376,4.671954
-2.153626639835887,4.741715,4.526108
-2.141047690271964,4.6183743,4.381157
-2.128468740708041,4.494372,4.2369947
-2.115889791144118,4.369723,4.093519
-2.103310841580195,4.244441,3.9506347
-2.090731892016272,4.118542,3.8082552
-2.078152942452348,3.9920464,3.6663089
-2.065573992888426,3.8649592,3.5247145
-2.052995043324502,3.7373004,3.3834157
-2.0404160937605798,3.609085,3.242357
-2.027837144196656,3.4803302,3.101492
-2.015258194632733,3.3510516,2.9607787
-2.00267924506881,3.2212658,2.8201814
-1.9901002955048868,3.09099,2.6796703
-1.9775213459409637,2.9602416,2.5392191
-1.9649423963770407,2.829039,2.3988078
-1.9523634468131177,2.697401,2.2584183
-1.9397844972491938,2.5653462,2.1180382
-1.9272055476852716,2.432895,1.9776573
-1.9146265981213477,2.3000674,1.837269
-1.9020476485574256,2.1668844,1.6968684
-1.8894686989935017,2.0333676,1.5564549
-1.8768897494295795,1.8995392,1.4160287
-1.8643107998656556,1.7654226,1.2755942
-1.8517318503017326,1.6310395,1.1351547
-1.8391529007378096,1.496416,0.99471974
-1.8265739511738865,1.3615757,0.85429716
-1.8139950016099635,1.2265433,0.7138968
-1.8014160520460405,1.0913445,0.57353103
-1.7888371024821175,0.95600575,0.43321383
-1.776258152918194,0.8205561,0.2929623
-1.763679203354271,0.6850173,0.15278703
-1.751100253790348,0.549419,0.012707412
-1.738521304226425,0.4137888,-0.12725908
-1.725942354662502,0.27815506,-0.26709285
-1.7133634050985789,0.14254513,-0.40677515
-1.7007844555346554,0.006988667,-0.54628485
-1.6882055059707324,-0.1284864,-0.68560123
-1.6756265564068094,-0.26385072,-0.8247026
-1.6630476068428863,-0.39907646,-0.96356785
-1.6504686572789633,-0.534135,-1.102175
-1.6378897077150403,-0.66899645,-1.2405007
-1.6253107581511173,-0.80363363,-1.3785232
-1.6127318085871938,-0.9380175,-1.5162191
-1.6001528590232708,-1.0721203,-1.6535665
-1.5875739094593477,-1.2059139,-1.7905422
-1.5749949598954247,-1.3393681,-1.9271214
-1.5624160103315017,-1.4724623,-2.0632877
-1.5498370607675787,-1.6051661,-2.1990156
-1.5372581112036552,-1.737455,-2.3342853
-1.5246791616397322,-1.8693023,-2.469074
-1.5121002120758091,-2.0006843,-2.6033623
-1.499521262511886,-2.1315768,-2.7371302
-1.486942312947963,-2.2619562,-2.870358
-1.47436336338404,-2.3918009,-3.003028
-1.461784413820117,-2.5210888,-3.1351213
-1.4492054642561936,-2.6498,-3.2666223
-1.4366265146922705,-2.7779145,-3.3975139
-1.4240475651283475,-2.9054134,-3.5277808
-1.4114686155644245,-3.0322795,-3.6574092
-1.3988896660005015,-3.1584954,-3.7863843
-1.3863107164365784,-3.2840471,-3.9146955
-1.373731766872655,-3.408918,-4.042329
-1.361152817308732,-3.5330932,-4.1692724
-1.348573867744809,-3.6565645,-4.295521
-1.335994918180886,-3.7793186,-4.4210625
-1.3234159686169629,-3.9013448,-4.5458884
-1.3108370190530398,-4.0226336,-4.669992
-1.2982580694891164,-4.1431766,-4.7933664
-1.2856791199251933,-4.262966,-4.916005
-1.2731001703612703,-4.3819957,-5.037902
-1.2605212207973473,-4.50026,-5.159054
-1.2479422712334243,-4.617753,-5.279454
-1.2353633216695012,-4.734471,-5.399099
-1.2227843721055782,-4.8504114,-5.5179853
-1.2102054225416548,-4.965571,-5.6361094
-1.1976264729777317,-5.079946,-5.753465
-1.1850475234138087,-5.193537,-5.870052
-1.1724685738498857,-5.306341,-5.9858627
-1.1598896242859627,-5.4183555,-6.1008916
-1.1473106747220396,-5.5295835,-6.215138
-1.1347317251581162,-5.640023,-6.328594
-1.1221527755941931,-5.7496734,-6.441254
-1.10957382603027,-5.858533,-6.553109
-1.096994876466347,-5.9666023,-6.6641517
-1.084415926902424,-6.0738792,-6.7743716
-1.071836977338501,-6.1803637,-6.8837585
-1.0592580277745776,-6.286053,-6.992299
-1.0466790782106545,-6.3909464,-7.0999804
-1.0341001286467315,-6.4950395,-7.206786
-1.0215211790828085,-6.5983315,-7.312701
-1.0089422295188855,-6.700816,-7.4177046
-0.9963632799549624,-6.80249,-7.5217767
-0.9837843303910394,-6.9033475,-7.6248946
-0.9712053808271159,-7.003382,-7.7270346
-0.9586264312631929,-7.102585,-7.82817
-0.9460474816992699,-7.20095,-7.928274
-0.9334685321353469,-7.2984686,-8.027319
-0.9208895825714238,-7.3951297,-8.125274
-0.9083106330075008,-7.4909215,-8.222107
-0.8957316834435773,-7.585832,-8.317784
-0.8831527338796543,-7.679849,-8.412274
-0.8705737843157313,-7.772957,-8.505542
-0.8579948347518083,-7.8651423,-8.597556
-0.8454158851878852,-7.956388,-8.688281
-0.8328369356239622,-8.0466795,-8.777688
-0.8202579860600392,-8.135999,-8.865744
-0.8076790364961157,-8.224326,-8.952419
-0.7951000869321927,-8.311646,-9.037689
-0.7825211373682697,-8.397936,-9.121525
-0.7699421878043466,-8.48318,-9.20391
-0.7573632382404236,-8.567353,-9.284818
-0.7447842886765006,-8.650442,-9.364241
-0.7322053391125771,-8.732424,-9.442161
-0.7196263895486541,-8.813277,-9.518565
-0.7070474399847311,-8.892984,-9.593445
-0.694468490420808,-8.971524,-9.666786
-0.681889540856885,-9.048879,-9.738577
-0.669310591292962,-9.125028,-9.808799
-0.656731641729039,-9.199952,-9.877425
-0.6441526921651155,-9.273636,-9.944426
-0.6315737426011925,-9.34606,-10.009752
-0.6189947930372695,-9.41721,-10.073353
-0.6064158434733464,-9.487067,-10.135157
-0.5938368939094234,-9.555619,-10.195086
-0.5812579443455004,-9.622849,-10.253058
-0.5686789947815769,-9.688746,-10.309
-0.5561000452176539,-9.753297,-10.36285
-0.5435210956537309,-9.816487,-10.41458
-0.5309421460898078,-9.878309,-10.464216
-0.5183631965258848,-9.938752,-10.511841
-0.5057842469619618,-9.997807,-10.557605
-0.4932052973980383,-10.055464,-10.601722
-0.4806263478341153,-10.111716,-10.644455
-0.46804739827019226,-10.166554,-10.68608
-0.45546844870626924,-10.219974,-10.726866
-0.4428894991423462,-10.271968,-10.767027
-0.4303105495784232,-10.322532,-10.806702
-0.41773160001450016,-10.371658,-10.845941
-0.4051526504505767,-10.419346,-10.884708
-0.39257370088665366,-10.465586,-10.92289
-0.37999475132273064,-10.510378,-10.960325
-0.3674158017588076,-10.553716,-10.996821
-0.3548368521948846,-10.595596,-11.032183
-0.34225790263096156,-10.636016,-11.066225
-0.3296789530670381,-10.6749735,-11.098787
-0.31710000350311507,-10.712463,-11.129735
-0.30452105393919204,-10.748483,-11.158964
-0.291942104375269,-10.7830305,-11.186402
-0.279363154811346,-10.816104,-11.212
-0.26678420524742297,-10.847699,-11.235729
-0.2542052556834995,-10.877814,-11.257584
-0.24162630611957647,-10.906446,-11.277571
-0.22904735655565345,-10.933595,-11.295714
-0.21646840699173042,-10.95926,-11.312053
-0.2038894574278074,-10.983436,-11.326625
-0.19131050786388437,-11.006124,-11.33949
-0.17873155829996135,-11.027322,-11.350707
-0.16615260873603788,-11.04703,-11.360344
-0.15357365917211485,-11.065249,-11.368467
-0.14099470960819183,-11.081977,-11.375146
-0.1284157600442688,-11.097215,-11.380446
-0.11583681048034578,-11.110963,-11.38443
-0.10325786091642275,-11.123221,-11.38715
-0.09067891135249928,-11.133992,-11.388653
-0.07809996178857626,-11.143276,-11.388973
-0.06552101222465323,-11.151076,-11.388138
-0.052942062660730205,-11.157392,-11.386154
-0.04036311309680718,-11.162227,-11.383025
-0.027784163532884154,-11.165584,-11.378738
-0.015205213968961129,-11.167463,-11.373271
-0.0026262644050381034,-11.1678705,-11.36659
0.009952685158884922,-11.166806,-11.358652
0.022531634722807947,-11.164274,-11.349411
0.03511058428673186,-11.160278,-11.338815
0.047689533850654886,-11.154821,-11.326808
0.06026848341457791,-11.147906,-11.313334
0.07284743297850094,-11.139537,-11.298339
0.08542638254242396,-11.129716,-11.281772
0.09800533210634699,-11.118446,-11.263588
0.11058428167027001,-11.105735,-11.243751
0.12316323123419304,-11.09158,-11.222229
0.13574218079811606,-11.07599,-11.199004
0.1483211303620391,-11.058965,-11.1740675
0.16090007992596211,-11.04051,-11.147423
0.17347902948988514,-11.020629,-11.11908
0.18605797905380816,-10.999325,-11.089063
0.19863692861773208,-10.976602,-11.0574045
0.2112158781816551,-10.952462,-11.024145
0.22379482774557813,-10.926911,-10.989333
0.23637377730950115,-10.899952,-10.95302
0.24895272687342418,-10.87159,-10.915262
0.2615316764373472,-10.841826,-10.876115
0.27411062600127023,-10.810666,-10.835633
0.28668957556519326,-10.778115,-10.793873
0.2992685251291163,-10.744177,-10.75088
0.3118474746930393,-10.708857,-10.706701
0.32442642425696233,-10.672157,-10.661371
0.33700537382088536,-10.634085,-10.614921
0.34958432338480927,-10.594644,-10.567372
0.3621632729487323,-10.55384,-10.518742
0.3747422225126553,-10.511676,-10.469033
0.38732117207657835,-10.468163,-10.418254
0.39990012164050137,-10.423301,-10.366392
0.4124790712044244,-10.377099,-10.313441
0.4250580207683474,-10.329564,-10.259385
0.43763697033227045,-10.280698,-10.204201
0.4502159198961935,-10.23051,-10.147868
0.4627948694601165,-10.179007,-10.090363
0.4753738190240395,-10.126194,-10.031657
0.48795276858796255,-10.072079,-9.971726
0.5005317181518856,-10.016666,-9.910542
0.5131106677158095,-9.959964,-9.848077
0.5256896172797325,-9.90198,-9.784311
0.5382685668436555,-9.842719,-9.719217
0.5508475164075786,-9.782186,-9.652772
0.5634264659715016,-9.720391,-9.584964
0.5760054155354246,-9.657336,-9.515768
0.5885843650993476,-9.593032,-9.445177
0.6011633146632707,-9.527481,-9.3731785
0.6137422642271937,-9.4606905,-9.299764
0.6263212137911167,-9.392668,-9.224931
0.6389001633550397,-9.323414,-9.148674
0.6514791129189628,-9.252938,-9.070998
0.6640580624828858,-9.181243,-8.991905
0.6766370120468097,-9.108333,-8.911403
0.6892159616107327,-9.034214,-8.829503
0.7017949111746558,-8.958892,-8.746218
0.7143738607385788,-8.882367,-8.661559
0.7269528103025018,-8.804648,-8.575548
0.7395317598664248,-8.725736,-8.488202
0.7521107094303479,-8.645635,-8.399541
0.7646896589942709,-8.564347,-8.3095875
0.7772686085581939,-8.481879,-8.218366
0.7898475581221169,-8.398234,-8.125901
0.80242650768604,-8.3134165,-8.032219
0.815005457249963,-8.2274275,-7.937342
0.827584406813886,-8.140273,-7.8413005
0.8401633563778099,-8.051958,-7.7441187
0.852742305941733,-7.962484,-7.645821
0.865321255505656,-7.871859,-7.546437
0.877900205069579,-7.7800846,-7.445986
0.890479154633502,-7.687168,-7.344496
0.903058104197425,-7.5931153,-7.24199
0.9156370537613481,-7.497931,-7.1384892
0.9282160033252711,-7.4016247,-7.034018
0.9407949528891941,-7.3041997,-6.9285936
0.9533739024531172,-7.205666,-6.8222365
0.9659528520170402,-7.1060305,-6.7149644
0.9785318015809632,-7.005303,-6.6067953
0.9911107511448862,-6.903493,-6.4977455
1.0036897007088101,-6.800609,-6.387829
1.0162686502727332,-6.6966634,-6.2770615
1.0288475998366562,-6.5916667,-6.165456
1.0414265494005792,-6.4856334,-6.0530267
1.0540054989645022,-6.3785725,-5.9397836
1.0665844485284253,-6.270499,-5.82574
1.0791633980923483,-6.161427,-5.7109056
1.0917423476562713,-6.0513716,-5.595293
1.1043212972201943,-5.9403486,-5.478913
1.1169002467841174,-5.828373,-5.3617744
1.1294791963480404,-5.715463,-5.2438903
1.1420581459119634,-5.6016374,-5.125272
1.1546370954758864,-5.4869103,-5.005926
1.1672160450398104,-5.371302,-4.8858647
1.1797949946037334,-5.2548327,-4.7651
1.1923739441676564,-5.1375213,-4.6436424
1.2049528937315794,-5.0193877,-4.5215025
1.2175318432955025,-4.9004545,-4.398694
1.2301107928594255,-4.78074,-4.275225
1.2426897424233485,-4.6602674,-4.15111
1.2552686919872715,-4.5390577,-4.02636
1.2678476415511946,-4.417135,-3.9009886
1.2804265911151176,-4.294518,-3.7750053
1.2930055406790406,-4.1712327,-3.648425
1.3055844902429636,-4.0473,-3.5212584
1.3181634398068875,-3.9227438,-3.393519
1.3307423893708106,-3.7975872,-3.265219
1.3433213389347336,-3.671853,-3.13637
1.3559002884986566,-3.5455637,-3.0069835
1.3684792380625797,-3.4187443,-2.877072
1.3810581876265027,-3.2914155,-2.7466447
1.3936371371904257,-3.1636019,-2.6157136
1.4062160867543487,-3.035326,-2.4842877
1.4187950363182718,-2.906611,-2.352377
1.4313739858821948,-2.777478,-2.2199874
1.4439529354461178,-2.6479502,-2.0871272
1.4565318850100408,-2.5180495,-1.9538016
1.4691108345739639,-2.3877983,-1.8200164
1.4816897841378878,-2.2572165,-1.6857724
1.4942687337018108,-2.1263258,-1.5510716
1.5068476832657338,-1.9951462,-1.4159126
1.5194266328296568,-1.8636992,-1.280294
1.5320055823935799,-1.7320037,-1.1442105
1.544584531957503,-1.6000781,-1.007653
1.557163481521426,-1.467943,-0.8706142
1.569742431085349,-1.3356158,-0.73307997
1.582321380649272,-1.2031131,-0.5950344
1.594900330213195,-1.0704535,-0.45646024
1.607479279777118,-0.9376528,-0.31733513
1.620058229341041,-0.80472827,-0.17763597
1.632637178904964,-0.6716941,-0.037333965
1.645216128468888,-0.53856456,0.10360193
1.657795078032811,-0.4053551,0.24520296
1.670374027596734,-0.27207935,0.38750464
1.682952977160657,-0.13874924,0.5305444
1.69553192672458,-0.0053783134,0.6743591
1.708110876288503,0.12802225,0.8189866
1.7206898258524261,0.26144135,0.96446353
1.7332687754163492,0.39486766,1.1108238
1.7458477249802722,0.52829117,1.2580965
1.7584266745441952,0.66170216,1.4063056
1.7710056241081182,0.7950915,1.5554676
1.7835845736720413,0.92845,1.7055881
1.7961635232359643,1.061769,1.8566625
1.8087424727998882,1.1950411,2.0086732
1.8213214223638112,1.3282565,2.1615853
1.8339003719277343,1.4614078,2.3153515
1.8464793214916573,1.5944868,2.469908
1.8590582710555803,1.7274854,2.6251767
1.8716372206195033,1.8603941,2.7810636
1.8842161701834264,1.993206,2.9374676
1.8967951197473494,2.12591,3.0942743
1.9093740693112724,2.258497,3.251367
1.9219530188751954,2.3909552,3.408626
1.9345319684391185,2.5232744,3.5659347
1.9471109180030415,2.6554403,3.7231789
1.9596898675669654,2.7874393,3.8802557
1.9722688171308884,2.9192567,4.0370727
1.9848477666948114,3.0508745,4.1935472
1.9974267162587345,3.1822755,4.3496156
2.0100056658226575,3.313439,4.5052214
2.0225846153865805,3.4443417,4.660326
2.0351635649505035,3.5749614,4.814904
2.0477425145144266,3.705271,4.9689384
2.0603214640783496,3.8352432,5.122426
2.0729004136422726,3.964848,5.2753706
2.0854793632061956,4.094053,5.4277844
2.0980583127701187,4.2228246,5.5796857
2.1106372623340417,4.3511267,5.731097
2.1232162118979656,4.4789224,5.882046
2.1357951614618886,4.606171,6.0325623
2.1483741110258117,4.7328334,6.1826773
2.1609530605897347,4.858866,6.3324246
2.1735320101536577,4.9842267,6.4818397
2.1861109597175807,5.108871,6.6309576
2.1986899092815038,5.2327533,6.779814
2.211268858845427,5.3558292,6.928443
2.22384780840935,5.4780517,7.0768795
2.236426757973273,5.5993752,7.2251577
2.249005707537196,5.7197537,7.373307
2.261584657101119,5.8391423,7.5213585
2.274163606665042,5.957496,7.6693363
2.286742556228966,6.07477,7.8172617
2.299321505792889,6.1909204,7.9651484
2.311900455356812,6.305907,8.113007
2.324479404920735,6.4196863,8.260835
2.337058354484658,6.5322185,8.40862
2.349637304048581,6.643466,8.556343
2.362216253612504,6.7533913,8.703972
2.374795203176427,6.8619576,8.851458
2.38737415274035,6.969132,8.998746
2.399953102304273,7.0748816,9.145764
2.412532051868196,7.179175,9.292431
2.425111001432119,7.281983,9.438655
2.437689950996042,7.3832784,9.584336
2.450268900559966,7.483035,9.729369
2.462847850123889,7.5812283,9.873646
2.475426799687812,7.677834,10.017053
2.488005749251735,7.7728333,10.159485
2.500584698815658,7.866204,10.300833
2.513163648379581,7.95793,10.441
2.525742597943504,8.047992,10.57989
2.5383215475074272,8.136376,10.717419
2.5509004970713502,8.223067,10.853505
2.5634794466352733,8.308054,10.988083
2.5760583961991963,8.391324,11.121089
2.5886373457631193,8.472865,11.252466
2.6012162953270423,8.5526705,11.382172
2.6137952448909663,8.63073,11.510162
2.6263741944548893,8.707036,11.636406
2.6389531440188123,8.781583,11.760872
2.6515320935827353,8.854364,11.883541
2.6641110431466584,8.925376,12.004395
2.6766899927105814,8.994612,12.123425
2.6892689422745044,9.062067,12.240625
2.7018478918384274,9.127742,12.356007
2.7144268414023505,9.19163,12.469582
2.7270057909662735,9.253728,12.581374
2.7395847405301965,9.314034,12.69143
2.7521636900941195,9.372546,12.799803
2.7647426396580426,9.429261,12.90657
2.7773215892219665,9.484178,13.011831
2.7899005387858895,9.537292,13.115709
2.8024794883498125,9.588599,13.218355
2.8150584379137356,9.638103,13.319962
2.8276373874776586,9.685795,13.420749
2.8402163370415816,9.731674,13.520975
2.8527952866055046,9.775739,13.620942
2.8653742361694277,9.817983,13.720979
2.8779531857333507,9.858405,13.821451
2.8905321352972737,9.896999,13.922732
2.9031110848611967,9.933764,14.0252
2.9156900344251198,9.968696,14.12919
2.9282689839890437,10.00179,14.234974
2.9408479335529667,10.033041,14.342684
2.9534268831168897,10.062446,14.452272
2.9660058326808127,10.089999,14.563433
2.9785847822447358,10.115699,14.67553
2.991163731808659,10.139541,14.787544
3.003742681372582,10.161517,14.8980255
3.016321630936505,10.181628,15.005116
3.028900580500428,10.199865,15.106575
3.041479530064351,10.216229,15.199888
3.054058479628274,10.230714,15.282398
3.066637429192197,10.243316,15.351471
3.07921637875612,10.254032,15.404663
3.091795328320044,10.262858,15.43989
3.104374277883967,10.26979,15.455551
3.11695322744789,10.274828,15.450657
3.129532177011813,10.277966,15.424875
3.142111126575736,10.279202,15.378605
3.154690076139659,10.278533,15.312957
3.167269025703582,10.275958,15.229719
3.179847975267505,10.271472,15.131233
3.192426924831428,10.265073,15.020241
3.205005874395351,10.256758,14.899662
3.217584823959274,10.246527,14.772371
3.230163773523197,10.234374,14.641005
3.24274272308712,10.220299,14.507803
3.255321672651044,10.204297,14.374546
3.267900622214967,10.186368,14.242533
3.28047957177889,10.166507,14.112621
3.293058521342813,10.144712,13.985299
3.305637470906736,10.12098,13.860756
3.3182164204706592,10.09531,13.738969
3.3307953700345823,10.067698,13.619759
3.3433743195985053,10.038139,13.5028515
3.3559532691624283,10.006633,13.387917
3.3685322187263513,9.973176,13.274599
3.3811111682902744,9.937766,13.162534
3.3936901178541974,9.900401,13.051366
3.4062690674181204,9.861079,12.940756
3.4188480169820443,9.819797,12.830383
3.4314269665459673,9.776553,12.719956
3.4440059161098904,9.731349,12.609202
3.4565848656738134,9.68418,12.497873
3.4691638152377364,9.635051,12.385747
3.4817427648016595,9.583959,12.272619
3.4943217143655825,9.530907,12.158307
3.5069006639295055,9.475898,12.042645
3.5194796134934285,9.418934,11.925483
3.5320585630573516,9.360021,11.806685
3.5446375126212746,9.299163,11.68613
3.5572164621851976,9.236369,11.5637045
3.5697954117491215,9.171648,11.439308
3.5823743613130445,9.105009,11.312844
3.5949533108769676,9.036464,11.184229
3.6075322604408906,8.966026,11.053379
3.6201112100048136,8.893711,10.920222
3.6326901595687366,8.819536,10.784693
3.6452691091326597,8.743519,10.646729
3.6578480586965827,8.665683,10.506286
3.6704270082605057,8.586049,10.363321
3.6830059578244287,8.504642,10.217813
3.6955849073883518,8.421491,10.0697565
3.708163856952275,8.336621,9.919165
3.720742806516198,8.250064,9.766079
3.7333217560801217,8.161853,9.61057
3.7459007056440448,8.07202,9.452739
3.758479655207968,7.980601,9.292721
3.771058604771891,7.887631,9.130678
3.783637554335814,7.7931485,8.966808
3.796216503899737,7.697193,8.801332
3.80879545346366,7.5998006,8.634481
3.821374403027583,7.5010114,8.466503
3.833953352591506,7.400864,8.297648
3.846532302155429,7.2994003,8.128164
3.859111251719352,7.1966577,7.958288
3.871690201283275,7.0926743,7.7882485
3.884269150847198,6.987491,7.618267
3.896848100411122,6.881142,7.4485507
3.909427049975045,6.773667,7.279303
3.922005999538968,6.6650977,7.1107187
3.93458494910289,6.555471,6.942989
3.947163898666814,6.444819,6.7762933
3.959742848230736,6.3331723,6.6108003
3.97232179779466,6.2205625,6.4466624
3.984900747358584,6.107017,6.284005
3.997479696922506,5.9925637,6.1229305
4.01005864648643,5.8772273,5.963503
4.022637596050352,5.7610335,5.805759
4.035216545614276,5.644005,5.6496964
4.047795495178198,5.5261617,5.495283
4.060374444742122,5.4075274,5.342462
4.072953394306044,5.2881207,5.191152
4.085532343869968,5.16796,5.0412536
4.09811129343389,5.0470643,4.892659
4.110690242997814,4.925449,4.7452507
4.123269192561736,4.8031325,4.598913
4.13584814212566,4.68013,4.453529
4.148427091689584,4.5564575,4.3089867
4.161006041253506,4.4321294,4.1651797
4.17358499081743,4.307162,4.022011
4.186163940381352,4.1815696,3.8793888
4.198742889945276,4.0553694,3.7372339
4.211321839509198,3.9285734,3.595469
4.223900789073122,3.801198,3.454029
4.236479738637044,3.673259,3.312857
4.249058688200968,3.544773,3.1719017
4.26163763776489,3.4157536,3.031117
4.274216587328814,3.2862196,2.890466
4.286795536892736,3.1561863,2.7499151
4.29937448645666,3.025672,2.6094365
4.311953436020584,2.8946948,2.4690084
4.324532385584506,2.7632716,2.3286092
4.33711133514843,2.6314228,2.1882262
4.349690284712352,2.499167,2.0478463
4.362269234276276,2.3665278,1.9074653
4.374848183840198,2.2335193,1.7670705
4.387427133404122,2.100167,1.6266639
4.400006082968044,1.9664922,1.4862444
4.412585032531968,1.8325163,1.3458132
4.42516398209589,1.6982641,1.2053759
4.437742931659814,1.5637573,1.0649375
4.450321881223736,1.4290218,0.92450666
4.46290083078766,1.2940825,0.78409404
4.475479780351584,1.1589636,0.6437092
4.488058729915506,1.0236919,0.5033665
4.50063767947943,0.8882926,0.36307842
4.513216629043352,0.75279367,0.22286153
4.525795578607276,0.61722183,0.0827322
4.5383745281711985,0.48160368,-0.057293653
4.550953477735122,0.34596857,-0.1971958
4.5635324272990445,0.21034569,-0.3369537
4.576111376862968,0.07475933,-0.47655192
4.588690326426891,-0.060760237,-0.6159678
4.6012692759908145,-0.19618303,-0.7551789
4.613848225554737,-0.331482,-0.89416546
4.6264271751186605,-0.46662736,-1.0329041
4.639006124682584,-0.60159093,-1.1713732
4.651585074246507,-0.7363442,-1.3095505
4.6641640238104305,-0.8708582,-1.4474125
4.676742973374353,-1.0051045,-1.5849366
4.6893219229382765,-1.1390563,-1.7221012
4.701900872502199,-1.2726852,-1.8588828
4.714479822066123,-1.405964,-1.9952596
4.727058771630045,-1.5388665,-2.1312096
4.739637721193969,-1.6713662,-2.2667115
4.752216670757891,-1.8034375,-2.4017432
4.764795620321815,-1.9350525,-2.5362816
4.777374569885739,-2.0661926,-2.670312
4.789953519449661,-2.196831,-2.8038118
4.802532469013585,-2.3269458,-2.9367628
4.815111418577507,-2.4565148,-3.0691469
4.827690368141431,-2.5855172,-3.2009463
4.840269317705353,-2.713932,-3.3321443
4.852848267269277,-2.841741,-3.4627254
4.865427216833199,-2.968926,-3.5926747
4.878006166397123,-3.095469,-3.7219782
4.890585115961045,-3.2213547,-3.8506234
4.903164065524969,-3.3465676,-3.978597
4.915743015088891,-3.471094,-4.1058884
4.928321964652815,-3.5949197,-4.2324862
4.940900914216739,-3.7180343,-4.3583827
4.953479863780661,-3.840425,-4.483567
4.966058813344585,-3.9620814,-4.6080303
4.978637762908507,-4.0829988,-4.731771
4.991216712472431,-4.203165,-4.854777
5.003795662036353,-4.3225756,-4.977046
5.016374611600277,-4.4412227,-5.0985703
5.028953561164199,-4.559102,-5.219347
5.041532510728123,-4.6762085,-5.3393703
5.054111460292045,-4.792538,-5.4586363
5.066690409855969,-4.9080877,-5.577142
5.079269359419891,-5.0228558,-5.694883
5.091848308983815,-5.136839,-5.811854
5.104427258547739,-5.2500367,-5.9280534
5.117006208111661,-5.3624473,-6.043475
5.129585157675585,-5.47407,-6.158115
5.142164107239507,-5.5849037,-6.271967
5.154743056803431,-5.6949487,-6.385026
5.167322006367353,-5.8042035,-6.4972844
5.179900955931277,-5.9126654,-6.6087313
5.192479905495199,-6.0203385,-6.7193637
5.205058855059123,-6.1272197,-6.829169
5.217637804623045,-6.2333074,-6.9381347
5.230216754186969,-6.3385987,-7.046247
5.242795703750891,-6.443092,-7.1534925
5.255374653314815,-6.546785,-7.2598553
5.267953602878739,-6.649675,-7.365318
5.280532552442661,-6.7517543,-7.4698577
5.293111502006585,-6.853021,-7.573456
5.3056904515705074,-6.953468,-7.6760883
5.318269401134431,-7.0530887,-7.7777305
5.3308483506983535,-7.151874,-7.878354
5.343427300262277,-7.2498174,-7.9779325
5.3560062498261996,-7.3469086,-8.076437
5.3685851993901235,-7.4431357,-8.173833
5.381164148954046,-7.538487,-8.270091
5.3937430985179695,-7.632952,-8.365178
5.406322048081892,-7.7265167,-8.459063
5.418900997645816,-7.8191657,-8.551707
5.4314799472097395,-7.9108834,-8.643082
5.444058896773662,-8.001655,-8.733151
5.4566378463375855,-8.091462,-8.821887
5.469216795901508,-8.180287,-8.909256
5.481795745465432,-8.268113,-8.995231
5.494374695029354,-8.35492,-9.079787
5.506953644593278,-8.44069,-9.1629
5.5195325941572,-8.525402,-9.24455
5.532111543721124,-8.609036,-9.324718
5.544690493285046,-8.691574,-9.403391
5.55726944284897,-8.772994,-9.480555
5.569848392412892,-8.853276,-9.556197
5.582427341976816,-8.932401,-9.630307
5.59500629154074,-9.01035,-9.702876
5.607585241104662,-9.087105,-9.773885
5.620164190668586,-9.162643,-9.843312
5.632743140232508,-9.23695,-9.911131
5.645322089796432,-9.310006,-9.977302
5.657901039360354,-9.381795,-10.041773
5.670479988924278,-9.4523,-10.104484
5.6830589384882,-9.521507,-10.16536
5.695637888052124,-9.5894,-10.224321
5.708216837616046,-9.655965,-10.281287
5.72079578717997,-9.72119,-10.336188
5.733374736743892,-9.785063,-10.38898
5.745953686307816,-9.847571,-10.439658
5.75853263587174,-9.908705,-10.488273
5.771111585435662,-9.968454,-10.534944
5.783690534999586,-10.026811,-10.579853
5.796269484563508,-10.083766,-10.623243
5.808848434127432,-10.139312,-10.665387
5.821427383691354,-10.193441,-10.706563
5.834006333255278,-10.246149,-10.747014
5.8465852828192,-10.297429,-10.78692
5.859164232383124,-10.347275,-10.826376
5.871743181947046,-10.395682,-10.865389
5.88432213151097,-10.442646,-10.90388
5.896901081074892,-10.488163,-10.941711
5.909480030638816,-10.5322275,-10.978702
5.92205898020274,-10.574838,-11.014655
5.934637929766662,-10.615989,-11.049379
5.947216879330586,-10.655679,-11.082702
5.959795828894508,-10.693901,-11.114469
5.972374778458432,-10.730658,-11.144569
5.984953728022354,-10.765942,-11.172912
5.997532677586278,-10.799752,-11.199434
6.0101116271502,-10.832086,-11.224098
6.022690576714124,-10.862941,-11.24689
6.0352695262780465,-10.892314,-11.267808
6.04784847584197,-10.920207,-11.286872
6.0604274254058925,-10.946614,-11.304108
6.073006374969816,-10.971533,-11.319554
6.08558532453374,-10.9949665,-11.333268
6.0981642740976625,-11.01691,-11.345301
6.110743223661586,-11.037364,-11.3557205
6.1233221732255085,-11.056327,-11.364591
6.1359011227894324,-11.0738,-11.371984
6.148480072353355,-11.089783,-11.377965
6.1610590219172785,-11.104276,-11.3826
6.173637971481201,-11.117278,-11.385944
6.1862169210451246,-11.128793,-11.388051
6.198795870609047,-11.13882,-11.388959
6.211374820172971,-11.147362,-11.3887
6.223953769736893,-11.15442,-11.38729
6.236532719300817,-11.159994,-11.384733
6.249111668864741,-11.16409,-11.381028
6.261690618428663,-11.166707,-11.376154
6.274269567992587,-11.167851,-11.370085
6.286848517556509,-11.167521,-11.36278
6.299427467120433,-11.165724,-11.3541975
6.312006416684355,-11.16246,-11.344287
6.324585366248279,-11.157733,-11.332993
6.337164315812201,-11.151547,-11.320259
6.349743265376125,-11.143903,-11.306029
6.362322214940047,-11.134807,-11.290255
6.374901164503971,-11.124263,-11.272885
6.387480114067893,-11.112269,-11.253877
6.400059063631817,-11.098837,-11.233201
6.412638013195741,-11.083964,-11.21083
6.425216962759663,-11.0676565,-11.18675
6.437795912323587,-11.049916,-11.160958
6.450374861887509,-11.030747,-11.133461
6.462953811451433,-11.010156,-11.1042795
6.475532761015355,-10.988139,-11.073435
6.488111710579279,-10.964707,-11.040971
6.500690660143201,-10.939863,-11.00693
6.513269609707125,-10.913608,-10.971361
6.525848559271047,-10.885947,-10.9343195
6.538427508834971,-10.856883,-10.89586
6.551006458398895,-10.826421,-10.856038
6.563585407962817,-10.794566,-10.814912
6.576164357526741,-10.76132,-10.772529
6.588743307090663,-10.72669,-10.728938
6.601322256654587,-10.690679,-10.684177
6.613901206218509,-10.653293,-10.638285
6.626480155782433,-10.614535,-10.591283
6.639059105346355,-10.57441,-10.54319
6.651638054910279,-10.532927,-10.49402
6.664217004474201,-10.490088,-10.443778
6.676795954038125,-10.445901,-10.39246
6.689374903602047,-10.400368,-10.3400545
6.701953853165971,-10.3534975,-10.286552
6.714532802729895,-10.305296,-10.231935
6.727111752293817,-10.255769,-10.17618
6.739690701857741,-10.204923,-10.119264
6.752269651421663,-10.152764,-10.061162
6.764848600985587,-10.0992985,-10.001846
6.777427550549509,-10.044534,-9.941292
6.790006500113433,-9.988476,-9.879471
6.8025854496773555,-9.931131,-9.816358
6.815164399241279,-9.872508,-9.75193
6.8277433488052015,-9.81261,-9.686163
6.840322298369125,-9.751446,-9.61904
6.852901247933048,-9.689019,-9.550538
6.8654801974969715,-9.625339,-9.480646
6.878059147060895,-9.560411,-9.409354
6.8906380966248175,-9.494241,-9.336648
6.903217046188741,-9.426831,-9.262523
6.915795995752664,-9.358195,-9.186981
6.9283749453165875,-9.288329,-9.110014
6.94095389488051,-9.217243,-9.03163
6.9535328444444335,-9.14494,-8.951831
6.966111794008356,-9.071425,-8.870628
6.97869074357228,-8.996704,-8.7880335
6.991269693136202,-8.92078,-8.70406
7.003848642700126,-8.843658,-8.618723
7.016427592264048,-8.765342,-8.532042
7.029006541827972,-8.685834,-8.444035
7.041585491391896,-8.605139,-8.354724
7.054164440955818,-8.523262,-8.264134
7.066743390519742,-8.440206,-8.172289
7.079322340083664,-8.355972,-8.079211
7.091901289647588,-8.270568,-7.9849277
7.10448023921151,-8.183996,-7.889466
7.117059188775434,-8.096259,-7.792849
7.129638138339356,-8.007364,-7.6951065
7.14221708790328,-7.917314,-7.596262
7.154796037467202,-7.826114,-7.4963417
7.167374987031126,-7.733768,-7.3953686
7.179953936595048,-7.640283,-7.2933683
7.192532886158972,-7.545664,-7.190362
7.205111835722896,-7.4499173,-7.0863733
7.217690785286818,-7.3530498,-6.981422
7.230269734850742,-7.2550697,-6.875529
7.242848684414664,-7.155984,-6.768712
7.255427633978588,-7.0558014,-6.6609898
7.26800658354251,-6.9545307,-6.552377
7.280585533106434,-6.852183,-6.4428926
7.293164482670356,-6.7487674,-6.3325496
7.30574343223428,-6.6442943,-6.2213607
7.318322381798202,-6.538781,-6.109346
7.330901331362126,-6.4322314,-5.9965076
7.343480280926048,-6.3246627,-5.8828626
7.356059230489972,-6.2160883,-5.768422
7.368638180053896,-6.106522,-5.653197
7.381217129617818,-5.9959817,-5.5372
7.393796079181742,-5.8844805,-5.4204397
7.406375028745664,-5.7720356,-5.302927
7.418953978309588,-5.658665,-5.1846743
7.43153292787351,-5.5443854,-5.0656896
7.444111877437434,-5.429216,-4.945985
7.456690827001356,-5.3131742,-4.82557
7.46926977656528,-5.1962814,-4.7044578
7.481848726129202,-5.0785565,-4.582658
7.494427675693126,-4.9600205,-4.460182
7.507006625257048,-4.840694,-4.337042
7.519585574820972,-4.7205973,-4.213248
7.532164524384896,-4.5997534,-4.088814
7.544743473948818,-4.4781837,-3.963751
7.557322423512742,-4.3559113,-3.8380723
7.569901373076664,-4.232957,-3.7117882
7.582480322640588,-4.109345,-3.5849133
7.5950592722045105,-3.985098,-3.457459
7.607638221768434,-3.8602378,-3.329437
7.6202171713323565,-3.7347894,-3.200861
7.6327961208962805,-3.608775,-3.0717418
7.645375070460203,-3.482218,-2.9420917
7.6579540200241265,-3.3551404,-2.8119204
7.670532969588049,-3.2275662,-2.6812398
7.683111919151973,-3.0995188,-2.5500605
7.6956908687158965,-2.97102,-2.4183905
7.708269818279819,-2.8420928,-2.2862391
7.7208487678437425,-2.7127597,-2.1536133
7.733427717407665,-2.5830476,-2.020525
7.746006666971589,-2.4529686,-1.8869686
7.758585616535511,-2.3225489,-1.7529532
7.771164566099435,-2.1918101,-1.6184807
7.783743515663357,-2.0607727,-1.4835514
7.796322465227281,-1.9294566,-1.3481628
7.808901414791203,-1.7978824,-1.2123119
7.821480364355127,-1.6660694,-1.0759923
7.834059313919049,-1.5340371,-0.939196
7.846638263482973,-1.4018035,-0.801911
7.859217213046897,-1.2693859,-0.664123
7.871796162610819,-1.136803,-0.525816
7.884375112174743,-1.0040704,-0.38696867
7.896954061738665,-0.87120605,-0.24755996
7.909533011302589,-0.7382237,-0.10756171
7.922111960866511,-0.60514015,0.03305298
7.934690910430435,-0.4719693,0.17431682
7.947269859994357,-0.33872402,0.3162648
7.959848809558281,-0.20541966,0.45893073
7.972427759122203,-0.07206745,0.6023534
7.985006708686127,0.06131994,0.7465698
7.997585658250051,0.1947316,0.8916183
8.010164607813973,0.32815516,1.0375323
8.022743557377897,0.46158212,1.1843462
8.035322506941819,0.59500057,1.3320847
8.047901456505743,0.72840184,1.4807687
8.060480406069665,0.86177695,1.6304098
8.073059355633589,0.9951173,1.7810096
8.085638305197511,1.1284132,1.9325545
8.098217254761435,1.2616583,2.0850215
8.110796204325357,1.3948431,2.2383683
8.123375153889281,1.527959,2.392538
8.135954103453203,1.6609939,2.5474555
8.148533053017127,1.7939487,2.7030454
8.161112002581051,1.9268107,2.8592055
8.173690952144973,2.0595698,3.015825
8.186269901708897,2.1922166,3.17279
8.19884885127282,2.324741,3.329981
8.211427800836743,2.4571314,3.4872794
8.224006750400665,2.589376,3.6445699
8.23658569996459,2.7214603,3.801743
8.249164649528511,2.8533704,3.9587004
8.261743599092435,2.9850905,4.115356
8.274322548656357,3.1166027,4.271635
8.286901498220281,3.2478876,4.4274783
8.299480447784203,3.378924,4.582838
8.312059397348127,3.509688,4.7376814
8.324638346912051,3.6401565,4.891989
8.337217296475973,3.7703009,5.04575
8.349796246039897,3.9000936,5.1989655
8.36237519560382,4.029503,5.3516436
8.374954145167743,4.1584954,5.5037985
8.387533094731666,4.2870374,5.655452
8.40011204429559,4.4150906,5.806628
8.412690993859512,4.542618,5.9573565
8.425269943423435,4.669579,6.1076684
8.437848892987358,4.795932,6.2575955
8.450427842551282,4.921634,6.407173
8.463006792115204,5.046643,6.5564356
8.475585741679128,5.1709123,6.7054186
8.488164691243052,5.294397,6.8541565
