theta,V_unperturbed,V_perturbed_dvnet_sin
-4.078205923116121,5.2943935,6.310594
-4.065626973552197,5.4170485,6.339217
-4.053048023988275,5.538827,6.364877
-4.040469074424351,5.6596837,6.3888927
-4.027890124860429,5.779574,6.4124165
-4.015311175296505,5.8984504,6.436415
-4.002732225732583,6.01627,6.46168
-3.9901532761686584,6.1329885,6.4888415
-3.9775743266047354,6.2485623,6.5184016
-3.9649953770408124,6.36295,6.5507545
-3.9524164274768894,6.47611,6.5862
-3.9398374779129663,6.588005,6.624955
-3.9272585283490433,6.6985955,6.6671395
-3.9146795787851203,6.807846,6.7127748
-3.9021006292211973,6.915721,6.761769
-3.8895216796572742,7.0221868,6.813918
-3.876942730093351,7.1272125,6.8689117
-3.864363780529428,7.230767,6.926351
-3.851784830965505,7.3328223,6.9857903
-3.839205881401582,7.4333515,7.0467763
-3.8266269318376582,7.532329,7.1089077
-3.814047982273735,7.6297317,7.1718903
-3.801469032709812,7.7255373,7.2355804
-3.788890083145889,7.8197246,7.3000126
-3.776311133581966,7.912275,7.36541
-3.763732184018043,8.003171,7.4321556
-3.75115323445412,8.092396,7.50074
-3.738574284890197,8.179935,7.5717015
-3.725995335326274,8.265777,7.645543
-3.713416385762351,8.349903,7.7226686
-3.700837436198428,8.432309,7.8033423
-3.688258486634505,8.512984,7.8876553
-3.675679537070582,8.591918,7.9755263
-3.663100587506658,8.669102,8.066725
-3.650521637942735,8.744529,8.160904
-3.637942688378812,8.818194,8.257642
-3.625363738814889,8.890092,8.35647
-3.612784789250966,8.960216,8.456914
-3.600205839687043,9.028562,8.558519
-3.58762689012312,9.095128,8.660864
-3.575047940559197,9.159909,8.763564
-3.562468990995274,9.222901,8.866277
-3.549890041431351,9.284104,8.9687
-3.5373110918674278,9.343514,9.070545
-3.524732142303504,9.401129,9.1715355
-3.5121531927395817,9.456944,9.271378
-3.499574243175658,9.51096,9.369752
-3.4869952936117348,9.563171,9.466297
-3.4744163440478117,9.613578,9.560604
-3.4618373944838887,9.662175,9.652213
-3.4492584449199657,9.7089615,9.740634
-3.4366794953560427,9.753934,9.825363
-3.4241005457921196,9.797089,9.905914
-3.4115215962281966,9.838422,9.981843
-3.3989426466642736,9.877931,10.052786
-3.3863636971003506,9.915611,10.118468
-3.3737847475364275,9.951461,10.178728
-3.3612057979725036,9.985473,10.233503
-3.3486268484085815,10.017646,10.282839
-3.3360478988446576,10.047975,10.326858
-3.3234689492807346,10.076455,10.365755
-3.3108899997168115,10.103081,10.399767
-3.2983110501528885,10.1278515,10.4291725
-3.2857321005889655,10.150762,10.454255
-3.2731531510250425,10.171805,10.475303
-3.2605742014611194,10.190981,10.4926
-3.2479952518971964,10.208282,10.506417
-3.2354163023332734,10.223706,10.517004
-3.2228373527693503,10.23725,10.524596
-3.2102584032054273,10.24891,10.529403
-3.1976794536415034,10.258681,10.531611
-3.1851005040775813,10.266561,10.53139
-3.1725215545136574,10.272547,10.528886
-3.1599426049497343,10.276634,10.524223
-3.1473636553858113,10.278822,10.517512
-3.1347847058218883,10.279106,10.508839
-3.1222057562579653,10.277484,10.498275
-3.1096268066940422,10.273953,10.485871
-3.097047857130119,10.268511,10.471661
-3.084468907566196,10.261155,10.455657
-3.071889958002273,10.251883,10.437848
-3.05931100843835,10.240691,10.418201
-3.046732058874427,10.227577,10.396647
-3.034153109310503,10.212539,10.373088
-3.021574159746581,10.195575,10.347382
-3.008995210182657,10.176679,10.319328
-2.996416260618734,10.155851,10.288676
-2.983837311054811,10.133088,10.255094
-2.971258361490888,10.108388,10.218169
-2.958679411926965,10.081746,10.177394
-2.946100462363042,10.053162,10.132173
-2.933521512799119,10.022629,10.081817
-2.920942563235196,9.990149,10.025585
-2.908363613671273,9.955715,9.962724
-2.89578466410735,9.91933,9.892556
-2.883205714543427,9.880986,9.8145685
-2.870626764979503,9.840684,9.728539
-2.858047815415581,9.798421,9.634623
-2.845468865851657,9.754197,9.53339
-2.832889916287734,9.708011,9.425788
-2.820310966723811,9.659862,9.3130245
-2.807732017159888,9.60975,9.196399
-2.795153067595965,9.557678,9.077136
-2.782574118032042,9.503647,8.956285
-2.7699951684681188,9.4476595,8.834683
-2.7574162189041957,9.38972,8.712992
-2.7448372693402727,9.329834,8.59176
-2.7322583197763497,9.268008,8.471485
-2.7196793702124267,9.204249,8.352637
-2.7071004206485028,9.138567,8.235659
-2.6945214710845806,9.070975,8.1209345
-2.6819425215206567,9.00148,8.008746
-2.6693635719567337,8.930102,7.8992605
-2.6567846223928107,8.856854,7.792499
-2.6442056728288876,8.781756,7.6883607
-2.6316267232649646,8.704827,7.586633
-2.6190477737010416,8.626088,7.487026
-2.6064688241371186,8.545564,7.389204
-2.5938898745731955,8.463282,7.292812
-2.5813109250092725,8.379268,7.1974936
-2.5687319754453486,8.29355,7.1029115
-2.5561530258814265,8.2061615,7.008763
-2.5435740763175025,8.117136,6.9147744
-2.5309951267535804,8.0265045,6.8207064
-2.5184161771896565,7.934306,6.7263613
-2.5058372276257335,7.840575,6.631568
-2.4932582780618104,7.7453547,6.536193
-2.4806793284978874,7.6486754,6.440118
-2.4681003789339644,7.5505795,6.3432555
-2.4555214293700414,7.451106,6.2455378
-2.4429424798061183,7.3502965,6.146914
-2.4303635302421953,7.248187,6.047342
-2.4177845806782723,7.1448193,5.946798
-2.4052056311143484,7.040231,5.8452625
-2.3926266815504262,6.934461,5.742728
-2.3800477319865023,6.827544,5.639188
-2.36746878242258,6.719517,5.534644
-2.3548898328586563,6.610416,5.429103
-2.3423108832947332,6.500272,5.322569
-2.3297319337308102,6.3891187,5.215054
-2.317152984166887,6.2769866,5.1065683
-2.304574034602964,6.1639047,4.997123
-2.291995085039041,6.0499024,4.8867326
-2.279416135475118,5.935004,4.7754073
-2.266837185911195,5.8192363,4.6631613
-2.254258236347272,5.702621,4.550006
-2.241679286783348,5.5851827,4.435954
-2.229100337219426,5.466942,4.321017
-2.216521387655502,5.3479195,4.205206
-2.203942438091579,5.2281327,4.0885305
-2.191363488527656,5.107602,3.9710016
-2.178784538963733,4.986344,3.8526282
-2.16620558939981,4.864376,3.7334194
-2.153626639835887,4.741715,3.6133842
-2.141047690271964,4.6183743,3.492528
-2.128468740708041,4.494372,3.3708596
-2.115889791144118,4.369723,3.2483873
-2.103310841580195,4.244441,3.125115
-2.090731892016272,4.118542,3.0010505
-2.078152942452348,3.9920464,2.8762035
-2.065573992888426,3.8649592,2.7505717
-2.052995043324502,3.7373004,2.6241632
-2.0404160937605798,3.609085,2.496983
-2.027837144196656,3.4803302,2.369038
-2.015258194632733,3.3510516,2.2403312
-2.00267924506881,3.2212658,2.1108685
-1.9901002955048868,3.09099,1.9806536
-1.9775213459409637,2.9602416,1.8496909
-1.9649423963770407,2.829039,1.7179865
-1.9523634468131177,2.697401,1.5855445
-1.9397844972491938,2.5653462,1.4523695
-1.9272055476852716,2.432895,1.318468
-1.9146265981213477,2.3000674,1.1838462
-1.9020476485574256,2.1668844,1.04851
-1.8894686989935017,2.0333676,0.9124681
-1.8768897494295795,1.8995392,0.7757286
-1.8643107998656556,1.7654226,0.6383034
-1.8517318503017326,1.6310395,0.50020385
-1.8391529007378096,1.496416,0.3614453
-1.8265739511738865,1.3615757,0.22204542
-1.8139950016099635,1.2265433,0.08202374
-1.8014160520460405,1.0913445,-0.05859518
-1.7888371024821175,0.95600575,-0.19978231
-1.776258152918194,0.8205561,-0.34150237
-1.763679203354271,0.6850173,-0.48372227
-1.751100253790348,0.549419,-0.62639505
-1.738521304226425,0.4137888,-0.7694701
-1.725942354662502,0.27815506,-0.9128895
-1.7133634050985789,0.14254513,-1.0565896
-1.7007844555346554,0.006988667,-1.2004963
-1.6882055059707324,-0.1284864,-1.3445295
-1.6756265564068094,-0.26385072,-1.4885997
-1.6630476068428863,-0.39907646,-1.6326106
-1.6504686572789633,-0.534135,-1.7764546
-1.6378897077150403,-0.66899645,-1.9200146
-1.6253107581511173,-0.80363363,-2.063165
-1.6127318085871938,-0.9380175,-2.2057652
-1.6001528590232708,-1.0721203,-2.347664
-1.5875739094593477,-1.2059139,-2.4886913
-1.5749949598954247,-1.3393681,-2.6286564
-1.5624160103315017,-1.4724623,-2.767352
-1.5498370607675787,-1.6051661,-2.9045322
-1.5372581112036552,-1.737455,-3.039917
-1.5246791616397322,-1.8693023,-3.1731806
-1.5121002120758091,-2.0006843,-3.3039455
-1.499521262511886,-2.1315768,-3.4317758
-1.486942312947963,-2.2619562,-3.5561702
-1.47436336338404,-2.3918009,-3.6765742
-1.461784413820117,-2.5210888,-3.7923899
-1.4492054642561936,-2.6498,-3.9030185
-1.4366265146922705,-2.7779145,-4.0079184
-1.4240475651283475,-2.9054134,-4.1066914
-1.4114686155644245,-3.0322795,-4.199197
-1.3988896660005015,-3.1584954,-4.2856503
-1.3863107164365784,-3.2840471,-4.366703
-1.373731766872655,-3.408918,-4.4434342
-1.361152817308732,-3.5330932,-4.517246
-1.348573867744809,-3.6565645,-4.5896635
-1.335994918180886,-3.7793186,-4.662079
-1.3234159686169629,-3.9013448,-4.735529
-1.3108370190530398,-4.0226336,-4.8105617
-1.2982580694891164,-4.1431766,-4.8872137
-1.2856791199251933,-4.262966,-4.965093
-1.2731001703612703,-4.3819957,-5.0435143
-1.2605212207973473,-4.50026,-5.1216545
-1.2479422712334243,-4.617753,-5.198689
-1.2353633216695012,-4.734471,-5.2739105
-1.2227843721055782,-4.8504114,-5.3468103
-1.2102054225416548,-4.965571,-5.417134
-1.1976264729777317,-5.079946,-5.484907
-1.1850475234138087,-5.193537,-5.550446
-1.1724685738498857,-5.306341,-5.614315
-1.1598896242859627,-5.4183555,-5.677275
-1.1473106747220396,-5.5295835,-5.7402077
-1.1347317251581162,-5.640023,-5.804016
-1.1221527755941931,-5.7496734,-5.8695426
-1.10957382603027,-5.858533,-5.9375014
-1.096994876466347,-5.9666023,-6.0084376
-1.084415926902424,-6.0738792,-6.0827107
-1.071836977338501,-6.1803637,-6.160513
-1.0592580277745776,-6.286053,-6.2418957
-1.0466790782106545,-6.3909464,-6.3268094
-1.0341001286467315,-6.4950395,-6.415143
-1.0215211790828085,-6.5983315,-6.5067663
-1.0089422295188855,-6.700816,-6.601548
-0.9963632799549624,-6.80249,-6.6993876
-0.9837843303910394,-6.9033475,-6.800221
-0.9712053808271159,-7.003382,-6.9040303
-0.9586264312631929,-7.102585,-7.0108366
-0.9460474816992699,-7.20095,-7.1207023
-0.9334685321353469,-7.2984686,-7.233705
-0.9208895825714238,-7.3951297,-7.349925
-0.9083106330075008,-7.4909215,-7.4694176
-0.8957316834435773,-7.585832,-7.592187
-0.8831527338796543,-7.679849,-7.718155
-0.8705737843157313,-7.772957,-7.8471327
-0.8579948347518083,-7.8651423,-7.9788065
-0.8454158851878852,-7.956388,-8.112724
-0.8328369356239622,-8.0466795,-8.248322
-0.8202579860600392,-8.135999,-8.38494
-0.8076790364961157,-8.224326,-8.521883
-0.7951000869321927,-8.311646,-8.658467
-0.7825211373682697,-8.397936,-8.794063
-0.7699421878043466,-8.48318,-8.928149
-0.7573632382404236,-8.567353,-9.060305
-0.7447842886765006,-8.650442,-9.190238
-0.7322053391125771,-8.732424,-9.317746
-0.7196263895486541,-8.813277,-9.442701
-0.7070474399847311,-8.892984,-9.56503
-0.694468490420808,-8.971524,-9.684673
-0.681889540856885,-9.048879,-9.8015785
-0.669310591292962,-9.125028,-9.9156685
-0.656731641729039,-9.199952,-10.026839
-0.6441526921651155,-9.273636,-10.134951
-0.6315737426011925,-9.34606,-10.2398205
-0.6189947930372695,-9.41721,-10.341229
-0.6064158434733464,-9.487067,-10.438922
-0.5938368939094234,-9.555619,-10.532623
-0.5812579443455004,-9.622849,-10.622035
-0.5686789947815769,-9.688746,-10.706864
-0.5561000452176539,-9.753297,-10.786826
-0.5435210956537309,-9.816487,-10.861654
-0.5309421460898078,-9.878309,-10.931123
-0.5183631965258848,-9.938752,-10.995035
-0.5057842469619618,-9.997807,-11.053235
-0.4932052973980383,-10.055464,-11.105591
-0.4806263478341153,-10.111716,-11.151992
-0.46804739827019226,-10.166554,-11.192326
-0.45546844870626924,-10.219974,-11.226483
-0.4428894991423462,-10.271968,-11.254341
-0.4303105495784232,-10.322532,-11.275777
-0.41773160001450016,-10.371658,-11.2906885
-0.4051526504505767,-10.419346,-11.299036
-0.39257370088665366,-10.465586,-11.300866
-0.37999475132273064,-10.510378,-11.296362
-0.3674158017588076,-10.553716,-11.285844
-0.3548368521948846,-10.595596,-11.269774
-0.34225790263096156,-10.636016,-11.248713
-0.3296789530670381,-10.6749735,-11.223249
-0.31710000350311507,-10.712463,-11.193934
-0.30452105393919204,-10.748483,-11.161208
-0.291942104375269,-10.7830305,-11.1253605
-0.279363154811346,-10.816104,-11.086524
-0.26678420524742297,-10.847699,-11.044706
-0.2542052556834995,-10.877814,-10.999865
-0.24162630611957647,-10.906446,-10.951988
-0.22904735655565345,-10.933595,-10.901187
-0.21646840699173042,-10.95926,-10.847769
-0.2038894574278074,-10.983436,-10.792262
-0.19131050786388437,-11.006124,-10.735439
-0.17873155829996135,-11.027322,-10.678263
-0.16615260873603788,-11.04703,-10.621818
-0.15357365917211485,-11.065249,-10.567221
-0.14099470960819183,-11.081977,-10.515522
-0.1284157600442688,-11.097215,-10.467626
-0.11583681048034578,-11.110963,-10.424228
-0.10325786091642275,-11.123221,-10.385784
-0.09067891135249928,-11.133992,-10.352511
-0.07809996178857626,-11.143276,-10.324401
-0.06552101222465323,-11.151076,-10.301262
-0.052942062660730205,-11.157392,-10.282757
-0.04036311309680718,-11.162227,-10.268458
-0.027784163532884154,-11.165584,-10.257883
-0.015205213968961129,-11.167463,-10.250526
-0.0026262644050381034,-11.1678705,-10.245899
0.009952685158884922,-11.166806,-10.243536
0.022531634722807947,-11.164274,-10.243025
0.03511058428673186,-11.160278,-10.244003
0.047689533850654886,-11.154821,-10.24617
0.06026848341457791,-11.147906,-10.249285
0.07284743297850094,-11.139537,-10.253169
0.08542638254242396,-11.129716,-10.257704
0.09800533210634699,-11.118446,-10.26283
0.11058428167027001,-11.105735,-10.268542
0.12316323123419304,-11.09158,-10.274882
0.13574218079811606,-11.07599,-10.281941
0.1483211303620391,-11.058965,-10.289844
0.16090007992596211,-11.04051,-10.298746
0.17347902948988514,-11.020629,-10.308817
0.18605797905380816,-10.999325,-10.320228
0.19863692861773208,-10.976602,-10.33313
0.2112158781816551,-10.952462,-10.347636
0.22379482774557813,-10.926911,-10.363793
0.23637377730950115,-10.899952,-10.381562
0.24895272687342418,-10.87159,-10.400793
0.2615316764373472,-10.841826,-10.421208
0.27411062600127023,-10.810666,-10.442397
0.28668957556519326,-10.778115,-10.463826
0.2992685251291163,-10.744177,-10.484841
0.3118474746930393,-10.708857,-10.504714
0.32442642425696233,-10.672157,-10.522662
0.33700537382088536,-10.634085,-10.53791
0.34958432338480927,-10.594644,-10.549721
0.3621632729487323,-10.55384,-10.557436
0.3747422225126553,-10.511676,-10.560505
0.38732117207657835,-10.468163,-10.558502
0.39990012164050137,-10.423301,-10.551125
0.4124790712044244,-10.377099,-10.538201
0.4250580207683474,-10.329564,-10.519664
0.43763697033227045,-10.280698,-10.495534
0.4502159198961935,-10.23051,-10.465912
0.4627948694601165,-10.179007,-10.430947
0.4753738190240395,-10.126194,-10.390821
0.48795276858796255,-10.072079,-10.345738
0.5005317181518856,-10.016666,-10.295903
0.5131106677158095,-9.959964,-10.241523
0.5256896172797325,-9.90198,-10.1827965
0.5382685668436555,-9.842719,-10.119904
0.5508475164075786,-9.782186,-10.05301
0.5634264659715016,-9.720391,-9.982268
0.5760054155354246,-9.657336,-9.907803
0.5885843650993476,-9.593032,-9.829725
0.6011633146632707,-9.527481,-9.74812
0.6137422642271937,-9.4606905,-9.663051
0.6263212137911167,-9.392668,-9.574554
0.6389001633550397,-9.323414,-9.4826355
0.6514791129189628,-9.252938,-9.387276
0.6640580624828858,-9.181243,-9.288419
0.6766370120468097,-9.108333,-9.185983
0.6892159616107327,-9.034214,-9.079859
0.7017949111746558,-8.958892,-8.96992
0.7143738607385788,-8.882367,-8.856027
0.7269528103025018,-8.804648,-8.738054
0.7395317598664248,-8.725736,-8.615892
0.7521107094303479,-8.645635,-8.489489
0.7646896589942709,-8.564347,-8.3588505
0.7772686085581939,-8.481879,-8.224084
0.7898475581221169,-8.398234,-8.085397
0.80242650768604,-8.3134165,-7.943118
0.815005457249963,-8.2274275,-7.7977004
0.827584406813886,-8.140273,-7.6497154
0.8401633563778099,-8.051958,-7.499841
0.852742305941733,-7.962484,-7.3488345
0.865321255505656,-7.871859,-7.1975102
0.877900205069579,-7.7800846,-7.046695
0.890479154633502,-7.687168,-6.8971977
0.903058104197425,-7.5931153,-6.7497625
0.9156370537613481,-7.497931,-6.605043
0.9282160033252711,-7.4016247,-6.4635787
0.9407949528891941,-7.3041997,-6.325771
0.9533739024531172,-7.205666,-6.1918974
0.9659528520170402,-7.1060305,-6.0621104
0.9785318015809632,-7.005303,-5.936457
0.9911107511448862,-6.903493,-5.8149004
1.0036897007088101,-6.800609,-5.69734
1.0162686502727332,-6.6966634,-5.5836363
1.0288475998366562,-6.5916667,-5.4736276
1.0414265494005792,-6.4856334,-5.367145
1.0540054989645022,-6.3785725,-5.2640166
1.0665844485284253,-6.270499,-5.1640825
1.0791633980923483,-6.161427,-5.06719
1.0917423476562713,-6.0513716,-4.973197
1.1043212972201943,-5.9403486,-4.881964
1.1169002467841174,-5.828373,-4.793351
1.1294791963480404,-5.715463,-4.7072144
1.1420581459119634,-5.6016374,-4.623393
1.1546370954758864,-5.4869103,-4.5417056
1.1672160450398104,-5.371302,-4.461945
1.1797949946037334,-5.2548327,-4.383876
1.1923739441676564,-5.1375213,-4.3072267
1.2049528937315794,-5.0193877,-4.231696
1.2175318432955025,-4.9004545,-4.1569533
1.2301107928594255,-4.78074,-4.0826406
1.2426897424233485,-4.6602674,-4.008389
1.2552686919872715,-4.5390577,-3.9338202
1.2678476415511946,-4.417135,-3.8585606
1.2804265911151176,-4.294518,-3.7822495
1.2930055406790406,-4.1712327,-3.7045531
1.3055844902429636,-4.0473,-3.625167
1.3181634398068875,-3.9227438,-3.5438247
1.3307423893708106,-3.7975872,-3.4603045
1.3433213389347336,-3.671853,-3.3744235
1.3559002884986566,-3.5455637,-3.286043
1.3684792380625797,-3.4187443,-3.1950662
1.3810581876265027,-3.2914155,-3.1014283
1.3936371371904257,-3.1636019,-3.0051003
1.4062160867543487,-3.035326,-2.9060764
1.4187950363182718,-2.906611,-2.804372
1.4313739858821948,-2.777478,-2.7000167
1.4439529354461178,-2.6479502,-2.5930498
1.4565318850100408,-2.5180495,-2.4835134
1.4691108345739639,-2.3877983,-2.371451
1.4816897841378878,-2.2572165,-2.2568984
1.4942687337018108,-2.1263258,-2.1398847
1.5068476832657338,-1.9951462,-2.0204256
1.5194266328296568,-1.8636992,-1.8985236
1.5320055823935799,-1.7320037,-1.7741623
1.544584531957503,-1.6000781,-1.6473054
1.557163481521426,-1.467943,-1.5178981
1.569742431085349,-1.3356158,-1.3858608
1.582321380649272,-1.2031131,-1.2510915
1.594900330213195,-1.0704535,-1.1134684
1.607479279777118,-0.9376528,-0.972846
1.620058229341041,-0.80472827,-0.82906276
1.632637178904964,-0.6716941,-0.6819404
1.645216128468888,-0.53856456,-0.5312924
1.657795078032811,-0.4053551,-0.3769335
1.670374027596734,-0.27207935,-0.2186859
1.682952977160657,-0.13874924,-0.05639238
1.69553192672458,-0.0053783134,0.11006628
1.708110876288503,0.12802225,0.28075942
1.7206898258524261,0.26144135,0.45568913
1.7332687754163492,0.39486766,0.63477373
1.7458477249802722,0.52829117,0.8178381
1.7584266745441952,0.66170216,1.0046052
1.7710056241081182,0.7950915,1.1946967
1.7835845736720413,0.92845,1.3876393
1.7961635232359643,1.061769,1.5828837
1.8087424727998882,1.1950411,1.779828
1.8213214223638112,1.3282565,1.977844
1.8339003719277343,1.4614078,2.1763136
1.8464793214916573,1.5944868,2.3746557
1.8590582710555803,1.7274854,2.5723512
1.8716372206195033,1.8603941,2.7689548
1.8842161701834264,1.993206,2.9641063
1.8967951197473494,2.12591,3.1575174
1.9093740693112724,2.258497,3.3489637
1.9219530188751954,2.3909552,3.5382571
1.9345319684391185,2.5232744,3.7252269
1.9471109180030415,2.6554403,3.9096837
1.9596898675669654,2.7874393,4.0913997
1.9722688171308884,2.9192567,4.2700834
1.9848477666948114,3.0508745,4.4453564
1.9974267162587345,3.1822755,4.6167474
2.0100056658226575,3.313439,4.783676
2.0225846153865805,3.4443417,4.9454627
2.0351635649505035,3.5749614,5.1013336
2.0477425145144266,3.705271,5.250442
2.0603214640783496,3.8352432,5.391897
2.0729004136422726,3.964848,5.524806
2.0854793632061956,4.094053,5.6483216
2.0980583127701187,4.2228246,5.7617073
2.1106372623340417,4.3511267,5.864396
2.1232162118979656,4.4789224,5.9560575
2.1357951614618886,4.606171,6.0366483
2.1483741110258117,4.7328334,6.106456
2.1609530605897347,4.858866,6.1661024
2.1735320101536577,4.9842267,6.216529
2.1861109597175807,5.108871,6.2589397
2.1986899092815038,5.2327533,6.294725
2.211268858845427,5.3558292,6.3253646
2.22384780840935,5.4780517,6.352332
2.236426757973273,5.5993752,6.377015
2.249005707537196,5.7197537,6.4006515
2.261584657101119,5.8391423,6.424303
2.274163606665042,5.957496,6.4488463
2.286742556228966,6.07477,6.474989
2.299321505792889,6.1909204,6.5032935
2.311900455356812,6.305907,6.5342073
2.324479404920735,6.4196863,6.5680757
2.337058354484658,6.5322185,6.605155
2.349637304048581,6.643466,6.6456156
2.362216253612504,6.7533913,6.68953
2.374795203176427,6.8619576,6.736862
2.38737415274035,6.969132,6.7874665
2.399953102304273,7.0748816,6.8410826
2.412532051868196,7.179175,6.8973527
2.425111001432119,7.281983,6.9558487
2.437689950996042,7.3832784,7.016116
2.450268900559966,7.483035,7.0777197
2.462847850123889,7.5812283,7.1403055
2.475426799687812,7.677834,7.203648
2.488005749251735,7.7728333,7.267693
2.500584698815658,7.866204,7.3325686
2.513163648379581,7.95793,7.398585
2.525742597943504,8.047992,7.466183
2.5383215475074272,8.136376,7.53589
2.5509004970713502,8.223067,7.6082325
2.5634794466352733,8.308054,7.6836743
2.5760583961991963,8.391324,7.762554
2.5886373457631193,8.472865,7.845047
2.6012162953270423,8.5526705,7.9311585
2.6137952448909663,8.63073,8.02073
2.6263741944548893,8.707036,8.113468
2.6389531440188123,8.781583,8.208982
2.6515320935827353,8.854364,8.306824
2.6641110431466584,8.925376,8.40652
2.6766899927105814,8.994612,8.507601
2.6892689422745044,9.062067,8.609624
2.7018478918384274,9.127742,8.712192
2.7144268414023505,9.19163,8.81494
2.7270057909662735,9.253728,8.917544
2.7395847405301965,9.314034,9.019713
2.7521636900941195,9.372546,9.121165
2.7647426396580426,9.429261,9.221619
2.7773215892219665,9.484178,9.32077
2.7899005387858895,9.537292,9.418279
2.8024794883498125,9.588599,9.513757
2.8150584379137356,9.638103,9.606774
2.8276373874776586,9.685795,9.696853
2.8402163370415816,9.731674,9.78349
2.8527952866055046,9.775739,9.86619
2.8653742361694277,9.817983,9.944481
2.8779531857333507,9.858405,10.017958
2.8905321352972737,9.896999,10.086297
2.9031110848611967,9.933764,10.1492815
2.9156900344251198,9.968696,10.2067995
2.9282689839890437,10.00179,10.258845
2.9408479335529667,10.033041,10.305501
2.9534268831168897,10.062446,10.346931
2.9660058326808127,10.089999,10.383354
2.9785847822447358,10.115699,10.415029
2.991163731808659,10.139541,10.442237
3.003742681372582,10.161517,10.465265
3.016321630936505,10.181628,10.484404
3.028900580500428,10.199865,10.499927
3.041479530064351,10.216229,10.512099
3.054058479628274,10.230714,10.521161
3.066637429192197,10.243316,10.527335
3.07921637875612,10.254032,10.530821
3.091795328320044,10.262858,10.5317955
3.104374277883967,10.26979,10.530414
3.11695322744789,10.274828,10.526817
3.129532177011813,10.277966,10.521118
3.142111126575736,10.279202,10.513416
3.154690076139659,10.278533,10.503789
3.167269025703582,10.275958,10.492301
3.179847975267505,10.271472,10.4789915
3.192426924831428,10.265073,10.463883
3.205005874395351,10.256758,10.446979
3.217584823959274,10.246527,10.428258
3.230163773523197,10.234374,10.407667
3.24274272308712,10.220299,10.385126
3.255321672651044,10.204297,10.360514
3.267900622214967,10.186368,10.333662
3.28047957177889,10.166507,10.304346
3.293058521342813,10.144712,10.272276
3.305637470906736,10.12098,10.237079
3.3182164204706592,10.09531,10.198298
3.3307953700345823,10.067698,10.155381
3.3433743195985053,10.038139,10.107683
3.3559532691624283,10.006633,10.054483
3.3685322187263513,9.973176,9.9950285
3.3811111682902744,9.937766,9.92859
3.3936901178541974,9.900401,9.85456
3.4062690674181204,9.861079,9.772558
3.4188480169820443,9.819797,9.68254
3.4314269665459673,9.776553,9.5848675
3.4440059161098904,9.731349,9.480313
3.4565848656738134,9.68418,9.369968
3.4691638152377364,9.635051,9.255114
3.4817427648016595,9.583959,9.137025
3.4943217143655825,9.530907,9.016851
3.5069006639295055,9.475898,8.895534
3.5194796134934285,9.418934,8.773812
3.5320585630573516,9.360021,8.652287
3.5446375126212746,9.299163,8.531472
3.5572164621851976,9.236369,8.411853
3.5697954117491215,9.171648,8.293888
3.5823743613130445,9.105009,8.177994
3.5949533108769676,9.036464,8.06451
3.6075322604408906,8.966026,7.9536614
3.6201112100048136,8.893711,7.845543
3.6326901595687366,8.819536,7.7401137
3.6452691091326597,8.743519,7.637212
3.6578480586965827,8.665683,7.5365853
3.6704270082605057,8.586049,7.4379163
3.6830059578244287,8.504642,7.3408527
3.6955849073883518,8.421491,7.2450414
3.708163856952275,8.336621,7.150132
3.720742806516198,8.250064,7.055803
3.7333217560801217,8.161853,6.9617662
3.7459007056440448,8.07202,6.8677645
3.758479655207968,7.980601,6.7735815
3.771058604771891,7.887631,6.6790304
3.783637554335814,7.7931485,6.5839605
3.796216503899737,7.697193,6.488247
3.80879545346366,7.5998006,6.3917885
3.821374403027583,7.5010114,6.294506
3.833953352591506,7.400864,6.19634
3.846532302155429,7.2994003,6.0972466
3.859111251719352,7.1966577,5.9971924
3.871690201283275,7.0926743,5.8961535
3.884269150847198,6.987491,5.7941203
3.896848100411122,6.881142,5.691082
3.909427049975045,6.773667,5.587041
3.922005999538968,6.6650977,5.481997
3.93458494910289,6.555471,5.375958
3.947163898666814,6.444819,5.2689333
3.959742848230736,6.3331723,5.160931
3.97232179779466,6.2205625,5.0519643
3.984900747358584,6.107017,4.942045
3.997479696922506,5.9925637,4.831186
4.01005864648643,5.8772273,4.7193985
4.022637596050352,5.7610335,4.606697
4.035216545614276,5.644005,4.4930925
4.047795495178198,5.5261617,4.378596
4.060374444742122,5.4075274,4.2632203
4.072953394306044,5.2881207,4.146976
4.085532343869968,5.16796,4.029873
4.09811129343389,5.0470643,3.9119215
4.110690242997814,4.925449,3.793129
4.123269192561736,4.8031325,3.6735063
4.13584814212566,4.68013,3.5530596
4.148427091689584,4.5564575,3.4317975
4.161006041253506,4.4321294,3.3097258
4.17358499081743,4.307162,3.1868525
4.186163940381352,4.1815696,3.0631833
4.198742889945276,4.0553694,2.938726
4.211321839509198,3.9285734,2.8134832
4.223900789073122,3.801198,2.6874619
4.236479738637044,3.673259,2.5606673
4.249058688200968,3.544773,2.433105
4.26163763776489,3.4157536,2.304778
4.274216587328814,3.2862196,2.175693
4.286795536892736,3.1561863,2.0458527
4.29937448645666,3.025672,1.9152637
4.311953436020584,2.8946948,1.7839301
4.324532385584506,2.7632716,1.6518556
4.33711133514843,2.6314228,1.5190464
4.349690284712352,2.499167,1.3855075
4.362269234276276,2.3665278,1.2512478
4.374848183840198,2.2335193,1.1162668
4.387427133404122,2.100167,0.98057735
4.400006082968044,1.9664922,0.84418595
4.412585032531968,1.8325163,0.7071018
4.42516398209589,1.6982641,0.56933844
4.437742931659814,1.5637573,0.43090677
4.450321881223736,1.4290218,0.29182494
4.46290083078766,1.2940825,0.15211153
4.475479780351584,1.1589636,0.011787772
4.488058729915506,1.0236919,-0.12911856
4.50063767947943,0.8882926,-0.2705788
4.513216629043352,0.75279367,-0.4125551
4.525795578607276,0.61722183,-0.5550071
4.5383745281711985,0.48160368,-0.6978883
4.550953477735122,0.34596857,-0.8411429
4.5635324272990445,0.21034569,-0.9847085
4.576111376862968,0.07475933,-1.128521
4.588690326426891,-0.060760237,-1.2725018
4.6012692759908145,-0.19618303,-1.4165647
4.613848225554737,-0.331482,-1.5606184
4.6264271751186605,-0.46662736,-1.7045596
4.639006124682584,-0.60159093,-1.8482766
4.651585074246507,-0.7363442,-1.9916489
4.6641640238104305,-0.8708582,-2.134542
4.676742973374353,-1.0051045,-2.2768111
4.6893219229382765,-1.1390563,-2.4182968
4.701900872502199,-1.2726852,-2.5588193
4.714479822066123,-1.405964,-2.6981795
4.727058771630045,-1.5388665,-2.8361502
4.739637721193969,-1.6713662,-2.9724708
4.752216670757891,-1.8034375,-3.1068382
4.764795620321815,-1.9350525,-3.238901
4.777374569885739,-2.0661926,-3.368257
4.789953519449661,-2.196831,-3.4944346
4.802532469013585,-2.3269458,-3.6169066
4.815111418577507,-2.4565148,-3.7350922
4.827690368141431,-2.5855172,-3.8483882
4.840269317705353,-2.713932,-3.956213
4.852848267269277,-2.841741,-4.0580864
4.865427216833199,-2.968926,-4.1537232
4.878006166397123,-3.095469,-4.2431493
4.890585115961045,-3.2213547,-4.326793
4.903164065524969,-3.3465676,-4.4055266
4.915743015088891,-3.471094,-4.4806104
4.928321964652815,-3.5949197,-4.5535374
4.940900914216739,-3.7180343,-4.6257973
4.953479863780661,-3.840425,-4.698629
4.966058813344585,-3.9620814,-4.772834
4.978637762908507,-4.0829988,-4.8487015
4.991216712472431,-4.203165,-4.9260373
5.003795662036353,-4.3225756,-5.0042853
5.016374611600277,-4.4412227,-5.0826716
5.028953561164199,-4.559102,-5.160357
5.041532510728123,-4.6762085,-5.236563
5.054111460292045,-4.792538,-5.310673
5.066690409855969,-4.9080877,-5.3822985
5.079269359419891,-5.0228558,-5.4513254
5.091848308983815,-5.136839,-5.5179253
5.104427258547739,-5.2500367,-5.582545
5.117006208111661,-5.3624473,-5.6458554
5.129585157675585,-5.47407,-5.7086897
5.142164107239507,-5.5849037,-5.7719483
5.154743056803431,-5.6949487,-5.8365173
5.167322006367353,-5.8042035,-5.9031806
5.179900955931277,-5.9126654,-5.97257
5.192479905495199,-6.0203385,-6.0451403
5.205058855059123,-6.1272197,-6.1211643
5.217637804623045,-6.2333074,-6.2007575
5.230216754186969,-6.3385987,-6.283916
5.242795703750891,-6.443092,-6.370556
5.255374653314815,-6.546785,-6.4605513
5.267953602878739,-6.649675,-6.5537696
5.280532552442661,-6.7517543,-6.6500897
5.293111502006585,-6.853021,-6.749432
5.3056904515705074,-6.953468,-6.8517528
5.318269401134431,-7.0530887,-6.9570565
5.3308483506983535,-7.151874,-7.0653834
5.343427300262277,-7.2498174,-7.176808
5.3560062498261996,-7.3469086,-7.29141
5.3685851993901235,-7.4431357,-7.409261
5.381164148954046,-7.538487,-7.530394
5.3937430985179695,-7.632952,-7.6547785
5.406322048081892,-7.7265167,-7.7822833
5.418900997645816,-7.8191657,-7.9126573
5.4314799472097395,-7.9108834,-8.045517
5.444058896773662,-8.001655,-8.180353
5.4566378463375855,-8.091462,-8.316546
5.469216795901508,-8.180287,-8.453414
5.481795745465432,-8.268113,-8.59026
5.494374695029354,-8.35492,-8.726422
5.506953644593278,-8.44069,-8.861323
5.5195325941572,-8.525402,-8.99449
5.532111543721124,-8.609036,-9.1255665
5.544690493285046,-8.691574,-9.254307
5.55726944284897,-8.772994,-9.38055
5.569848392412892,-8.853276,-9.504199
5.582427341976816,-8.932401,-9.62519
5.59500629154074,-9.01035,-9.743471
5.607585241104662,-9.087105,-9.85898
5.620164190668586,-9.162643,-9.971626
5.632743140232508,-9.23695,-10.081287
5.645322089796432,-9.310006,-10.187803
5.657901039360354,-9.381795,-10.290972
5.670479988924278,-9.4523,-10.390556
5.6830589384882,-9.521507,-10.48629
5.695637888052124,-9.5894,-10.577884
5.708216837616046,-9.655965,-10.66504
5.72079578717997,-9.72119,-10.74747
5.733374736743892,-9.785063,-10.824897
5.745953686307816,-9.847571,-10.897073
5.75853263587174,-9.908705,-10.963785
5.771111585435662,-9.968454,-11.024858
5.783690534999586,-10.026811,-11.080151
5.796269484563508,-10.083766,-11.129542
5.808848434127432,-10.139312,-11.172923
5.821427383691354,-10.193441,-11.210184
5.834006333255278,-10.246149,-11.241207
5.8465852828192,-10.297429,-11.265869
5.859164232383124,-10.347275,-11.284053
5.871743181947046,-10.395682,-11.295683
5.88432213151097,-10.442646,-11.300757
5.896901081074892,-10.488163,-11.299389
5.909480030638816,-10.5322275,-11.291827
5.92205898020274,-10.574838,-11.278469
5.934637929766662,-10.615989,-11.2598295
5.947216879330586,-10.655679,-11.236495
5.959795828894508,-10.693901,-11.209041
5.972374778458432,-10.730658,-11.177976
5.984953728022354,-10.765942,-11.143662
5.997532677586278,-10.799752,-11.106315
6.0101116271502,-10.832086,-11.06599
6.022690576714124,-10.862941,-11.022665
6.0352695262780465,-10.892314,-10.976301
6.04784847584197,-10.920207,-10.926941
6.0604274254058925,-10.946614,-10.87478
6.073006374969816,-10.971533,-10.820232
6.08558532453374,-10.9949665,-10.76396
6.0981642740976625,-11.01691,-10.706831
6.110743223661586,-11.037364,-10.64988
6.1233221732255085,-11.056327,-10.594221
6.1359011227894324,-11.0738,-10.540948
6.148480072353355,-11.089783,-10.491049
6.1610590219172785,-11.104276,-10.44533
6.173637971481201,-11.117278,-10.4043665
6.1862169210451246,-11.128793,-10.368497
6.198795870609047,-11.13882,-10.337819
6.211374820172971,-11.147362,-10.312228
6.223953769736893,-11.15442,-10.291455
6.236532719300817,-11.159994,-10.275111
6.249111668864741,-11.16409,-10.262737
6.261690618428663,-11.166707,-10.253833
6.274269567992587,-11.167851,-10.247902
6.286848517556509,-11.167521,-10.244461
6.299427467120433,-11.165724,-10.243073
6.312006416684355,-11.16246,-10.243349
6.324585366248279,-11.157733,-10.244955
6.337164315812201,-11.151547,-10.2476225
6.349743265376125,-11.143903,-10.251139
6.362322214940047,-11.134807,-10.25536
6.374901164503971,-11.124263,-10.260196
6.387480114067893,-11.112269,-10.26561
6.400059063631817,-11.098837,-10.271628
6.412638013195741,-11.083964,-10.278315
6.425216962759663,-11.0676565,-10.285779
6.437795912323587,-11.049916,-10.294161
6.450374861887509,-11.030747,-10.303624
6.462953811451433,-11.010156,-10.314346
6.475532761015355,-10.988139,-10.326484
6.488111710579279,-10.964707,-10.340177
6.500690660143201,-10.939863,-10.355508
6.513269609707125,-10.913608,-10.372483
6.525848559271047,-10.885947,-10.391009
6.538427508834971,-10.856883,-10.410874
6.551006458398895,-10.826421,-10.431736
6.563585407962817,-10.794566,-10.453121
6.576164357526741,-10.76132,-10.47443
6.588743307090663,-10.72669,-10.494969
6.601322256654587,-10.690679,-10.513977
6.613901206218509,-10.653293,-10.530671
6.626480155782433,-10.614535,-10.544289
6.639059105346355,-10.57441,-10.554127
6.651638054910279,-10.532927,-10.55958
6.664217004474201,-10.490088,-10.56016
6.676795954038125,-10.445901,-10.5555
6.689374903602047,-10.400368,-10.545363
6.701953853165971,-10.3534975,-10.5296335
6.714532802729895,-10.305296,-10.508292
6.727111752293817,-10.255769,-10.481401
6.739690701857741,-10.204923,-10.449087
6.752269651421663,-10.152764,-10.411518
6.764848600985587,-10.0992985,-10.368887
6.777427550549509,-10.044534,-10.321402
6.790006500113433,-9.988476,-10.269269
6.8025854496773555,-9.931131,-10.21269
6.815164399241279,-9.872508,-10.151859
6.8277433488052015,-9.81261,-10.0869465
6.840322298369125,-9.751446,-10.018111
6.852901247933048,-9.689019,-9.945492
6.8654801974969715,-9.625339,-9.869207
6.878059147060895,-9.560411,-9.789358
6.8906380966248175,-9.494241,-9.706016
6.903217046188741,-9.426831,-9.619227
6.915795995752664,-9.358195,-9.529025
6.9283749453165875,-9.288329,-9.4353895
6.94095389488051,-9.217243,-9.33829
6.9535328444444335,-9.14494,-9.237657
6.966111794008356,-9.071425,-9.133391
6.97869074357228,-8.996704,-9.025376
6.991269693136202,-8.92078,-8.913477
7.003848642700126,-8.843658,-8.79756
7.016427592264048,-8.765342,-8.677503
7.029006541827972,-8.685834,-8.553223
7.041585491391896,-8.605139,-8.424695
7.054164440955818,-8.523262,-8.291975
7.066743390519742,-8.440206,-8.155214
7.079322340083664,-8.355972,-8.014682
7.091901289647588,-8.270568,-7.870769
7.10448023921151,-8.183996,-7.723989
7.117059188775434,-8.096259,-7.5749674
7.129638138339356,-8.007364,-7.424428
7.14221708790328,-7.917314,-7.273159
7.154796037467202,-7.826114,-7.121987
7.167374987031126,-7.733768,-6.971732
7.179953936595048,-7.640283,-6.8231783
7.192532886158972,-7.545664,-6.6770267
7.205111835722896,-7.4499173,-6.5338745
7.217690785286818,-7.3530498,-6.3941946
7.230269734850742,-7.2550697,-6.2583284
7.242848684414664,-7.155984,-6.1264863
7.255427633978588,-7.0558014,-5.998766
7.26800658354251,-6.9545307,-5.8751693
7.280585533106434,-6.852183,-5.755626
7.293164482670356,-6.7487674,-5.6400146
7.30574343223428,-6.6442943,-5.528179
7.318322381798202,-6.538781,-5.419958
7.330901331362126,-6.4322314,-5.3151727
7.343480280926048,-6.3246627,-5.213661
7.356059230489972,-6.2160883,-5.1152663
7.368638180053896,-6.106522,-5.0198402
7.381217129617818,-5.9959817,-4.927245
7.393796079181742,-5.8844805,-4.8373404
7.406375028745664,-5.7720356,-4.7499843
7.418953978309588,-5.658665,-4.6650267
7.43153292787351,-5.5443854,-4.5822954
7.444111877437434,-5.429216,-4.501599
7.456690827001356,-5.3131742,-4.4227157
7.46926977656528,-5.1962814,-4.3453918
7.481848726129202,-5.0785565,-4.269342
7.494427675693126,-4.9600205,-4.194248
7.507006625257048,-4.840694,-4.1197667
7.519585574820972,-4.7205973,-4.0455313
7.532164524384896,-4.5997534,-3.971168
7.544743473948818,-4.4781837,-3.8962991
7.557322423512742,-4.3559113,-3.8205576
7.569901373076664,-4.232957,-3.7435935
7.582480322640588,-4.109345,-3.6650882
7.5950592722045105,-3.985098,-3.584755
7.607638221768434,-3.8602378,-3.5023487
7.6202171713323565,-3.7347894,-3.4176674
7.6327961208962805,-3.608775,-3.3305516
7.645375070460203,-3.482218,-3.240883
7.6579540200241265,-3.3551404,-3.1485813
7.670532969588049,-3.2275662,-3.0536
7.683111919151973,-3.0995188,-2.9559233
7.6956908687158965,-2.97102,-2.855556
7.708269818279819,-2.8420928,-2.7525215
7.7208487678437425,-2.7127597,-2.646855
7.733427717407665,-2.5830476,-2.5386019
7.746006666971589,-2.4529686,-2.4277973
7.758585616535511,-2.3225489,-2.3144853
7.771164566099435,-2.1918101,-2.1986995
7.783743515663357,-2.0607727,-2.080462
7.796322465227281,-1.9294566,-1.959782
7.808901414791203,-1.7978824,-1.8366531
7.821480364355127,-1.6660694,-1.7110497
7.834059313919049,-1.5340371,-1.5829263
7.846638263482973,-1.4018035,-1.4522151
7.859217213046897,-1.2693859,-1.3188256
7.871796162610819,-1.136803,-1.1826465
7.884375112174743,-1.0040704,-1.0435425
7.896954061738665,-0.87120605,-0.90136135
7.909533011302589,-0.7382237,-0.75593024
7.922111960866511,-0.60514015,-0.6070688
7.934690910430435,-0.4719693,-0.45458865
7.947269859994357,-0.33872402,-0.29830563
7.959848809558281,-0.20541966,-0.13805264
7.972427759122203,-0.07206745,0.026311323
7.985006708686127,0.06131994,0.19488287
7.997585658250051,0.1947316,0.36769977
8.010164607813973,0.32815516,0.544722
8.022743557377897,0.46158212,0.72582555
8.035322506941819,0.59500057,0.9107824
8.047901456505743,0.72840184,1.0992649
8.060480406069665,0.86177695,1.2908468
8.073059355633589,0.9951173,1.4850137
8.085638305197511,1.1284132,1.6811848
8.098217254761435,1.2616583,1.8787439
8.110796204325357,1.3948431,2.0770628
8.123375153889281,1.527959,2.275538
8.135954103453203,1.6609939,2.47361
8.148533053017127,1.7939487,2.6708097
8.161112002581051,1.9268107,2.8667283
8.173690952144973,2.0595698,3.0610414
8.186269901708897,2.1922166,3.2534955
8.19884885127282,2.324741,3.4438877
8.211427800836743,2.4571314,3.6320412
8.224006750400665,2.589376,3.8177805
8.23658569996459,2.7214603,4.000899
8.249164649528511,2.8533704,4.18114
8.261743599092435,2.9850905,4.358172
8.274322548656357,3.1166027,4.53157
8.286901498220281,3.2478876,4.7008085
8.299480447784203,3.378924,4.865258
8.312059397348127,3.509688,5.0241885
8.324638346912051,3.6401565,5.1767883
8.337217296475973,3.7703009,5.3221827
8.349796246039897,3.9000936,5.4594746
8.36237519560382,4.029503,5.5877876
8.374954145167743,4.1584954,5.706321
8.387533094731666,4.2870374,5.8144164
8.40011204429559,4.4150906,5.9116154
8.412690993859512,4.542618,5.9977264
8.425269943423435,4.669579,6.0728693
8.437848892987358,4.795932,6.137498
8.450427842551282,4.921634,6.192398
8.463006792115204,5.046643,6.238653
8.475585741679128,5.1709123,6.2775702
8.488164691243052,5.294397,6.3105946
