theta,V_unperturbed,V_perturbed_lora_sin
-4.078205923116121,5.2943935,7.110485
-4.065626973552197,5.4170485,7.144882
-4.053048023988275,5.538827,7.1756682
-4.040469074424351,5.6596837,7.203616
-4.027890124860429,5.779574,7.229477
-4.015311175296505,5.8984504,7.253974
-4.002732225732583,6.01627,7.2777925
-3.9901532761686584,6.1329885,7.301586
-3.9775743266047354,6.2485623,7.325964
-3.9649953770408124,6.36295,7.351494
-3.9524164274768894,6.47611,7.378689
-3.9398374779129663,6.588005,7.408013
-3.9272585283490433,6.6985955,7.4398737
-3.9146795787851203,6.807846,7.4746213
-3.9021006292211973,6.915721,7.5125427
-3.8895216796572742,7.0221868,7.553865
-3.876942730093351,7.1272125,7.5987487
-3.864363780529428,7.230767,7.6473
-3.851784830965505,7.3328223,7.699563
-3.839205881401582,7.4333515,7.755534
-3.8266269318376582,7.532329,7.8151593
-3.814047982273735,7.6297317,7.8783464
-3.801469032709812,7.7255373,7.944975
-3.788890083145889,7.8197246,8.014895
-3.776311133581966,7.912275,8.087947
-3.763732184018043,8.003171,8.163958
-3.75115323445412,8.092396,8.24275
-3.738574284890197,8.179935,8.324154
-3.725995335326274,8.265777,8.408003
-3.713416385762351,8.349903,8.494131
-3.700837436198428,8.432309,8.582396
-3.688258486634505,8.512984,8.672653
-3.675679537070582,8.591918,8.764767
-3.663100587506658,8.669102,8.8586035
-3.650521637942735,8.744529,8.954039
-3.637942688378812,8.818194,9.050935
-3.625363738814889,8.890092,9.149155
-3.612784789250966,8.960216,9.2485485
-3.600205839687043,9.028562,9.348947
-3.58762689012312,9.095128,9.45016
-3.575047940559197,9.159909,9.551983
-3.562468990995274,9.222901,9.654169
-3.549890041431351,9.284104,9.756447
-3.5373110918674278,9.343514,9.858506
-3.524732142303504,9.401129,9.959995
-3.5121531927395817,9.456944,10.060526
-3.499574243175658,9.51096,10.159673
-3.4869952936117348,9.563171,10.256976
-3.4744163440478117,9.613578,10.35195
-3.4618373944838887,9.662175,10.444097
-3.4492584449199657,9.7089615,10.532916
-3.4366794953560427,9.753934,10.617922
-3.4241005457921196,9.797089,10.698657
-3.4115215962281966,9.838422,10.774697
-3.3989426466642736,9.877931,10.845678
-3.3863636971003506,9.915611,10.911289
-3.3737847475364275,9.951461,10.971288
-3.3612057979725036,9.985473,11.025502
-3.3486268484085815,10.017646,11.073829
-3.3360478988446576,10.047975,11.116246
-3.3234689492807346,10.076455,11.1528
-3.3108899997168115,10.103081,11.183617
-3.2983110501528885,10.1278515,11.2089
-3.2857321005889655,10.150762,11.228935
-3.2731531510250425,10.171805,11.244073
-3.2605742014611194,10.190981,11.254744
-3.2479952518971964,10.208282,11.261437
-3.2354163023332734,10.223706,11.264694
-3.2228373527693503,10.23725,11.265092
-3.2102584032054273,10.24891,11.263213
-3.1976794536415034,10.258681,11.259639
-3.1851005040775813,10.266561,11.254909
-3.1725215545136574,10.272547,11.249501
-3.1599426049497343,10.276634,11.243815
-3.1473636553858113,10.278822,11.238138
-3.1347847058218883,10.279106,11.232645
-3.1222057562579653,10.277484,11.227377
-3.1096268066940422,10.273953,11.222247
-3.097047857130119,10.268511,11.217034
-3.084468907566196,10.261155,11.211393
-3.071889958002273,10.251883,11.204862
-3.05931100843835,10.240691,11.196879
-3.046732058874427,10.227577,11.186793
-3.034153109310503,10.212539,11.173889
-3.021574159746581,10.195575,11.157403
-3.008995210182657,10.176679,11.136553
-2.996416260618734,10.155851,11.110564
-2.983837311054811,10.133088,11.0787
-2.971258361490888,10.108388,11.040301
-2.958679411926965,10.081746,10.99481
-2.946100462363042,10.053162,10.941811
-2.933521512799119,10.022629,10.881057
-2.920942563235196,9.990149,10.812484
-2.908363613671273,9.955715,10.736215
-2.89578466410735,9.91933,10.652552
-2.883205714543427,9.880986,10.561938
-2.870626764979503,9.840684,10.464936
-2.858047815415581,9.798421,10.362166
-2.845468865851657,9.754197,10.254265
-2.832889916287734,9.708011,10.141835
-2.820310966723811,9.659862,10.0254345
-2.807732017159888,9.60975,9.905547
-2.795153067595965,9.557678,9.782595
-2.782574118032042,9.503647,9.656952
-2.7699951684681188,9.4476595,9.528969
-2.7574162189041957,9.38972,9.399003
-2.7448372693402727,9.329834,9.267438
-2.7322583197763497,9.268008,9.134709
-2.7196793702124267,9.204249,9.00131
-2.7071004206485028,9.138567,8.867794
-2.6945214710845806,9.070975,8.734768
-2.6819425215206567,9.00148,8.602869
-2.6693635719567337,8.930102,8.472751
-2.6567846223928107,8.856854,8.345048
-2.6442056728288876,8.781756,8.220353
-2.6316267232649646,8.704827,8.099188
-2.6190477737010416,8.626088,7.9819784
-2.6064688241371186,8.545564,7.869032
-2.5938898745731955,8.463282,7.7605276
-2.5813109250092725,8.379268,7.6565104
-2.5687319754453486,8.29355,7.556881
-2.5561530258814265,8.2061615,7.461423
-2.5435740763175025,8.117136,7.3698
-2.5309951267535804,8.0265045,7.2815857
-2.5184161771896565,7.934306,7.1962843
-2.5058372276257335,7.840575,7.113358
-2.4932582780618104,7.7453547,7.032258
-2.4806793284978874,7.6486754,6.9524364
-2.4681003789339644,7.5505795,6.873394
-2.4555214293700414,7.451106,6.794685
-2.4429424798061183,7.3502965,6.71595
-2.4303635302421953,7.248187,6.63692
-2.4177845806782723,7.1448193,6.557441
-2.4052056311143484,7.040231,6.4774766
-2.3926266815504262,6.934461,6.397106
-2.3800477319865023,6.827544,6.3165317
-2.36746878242258,6.719517,6.2360573
-2.3548898328586563,6.610416,6.156081
-2.3423108832947332,6.500272,6.077075
-2.3297319337308102,6.3891187,5.99956
-2.317152984166887,6.2769866,5.9240785
-2.304574034602964,6.1639047,5.8511605
-2.291995085039041,6.0499024,5.781295
-2.279416135475118,5.935004,5.714881
-2.266837185911195,5.8192363,5.652193
-2.254258236347272,5.702621,5.5933256
-2.241679286783348,5.5851827,5.5381484
-2.229100337219426,5.466942,5.4862595
-2.216521387655502,5.3479195,5.4369526
-2.203942438091579,5.2281327,5.38921
-2.191363488527656,5.107602,5.3417177
-2.178784538963733,4.986344,5.2929254
-2.16620558939981,4.864376,5.2411456
-2.153626639835887,4.741715,5.184662
-2.141047690271964,4.6183743,5.1218543
-2.128468740708041,4.494372,5.0513105
-2.115889791144118,4.369723,4.971901
-2.103310841580195,4.244441,4.882824
-2.090731892016272,4.118542,4.7836075
-2.078152942452348,3.9920464,4.6740894
-2.065573992888426,3.8649592,4.5543556
-2.052995043324502,3.7373004,4.4247174
-2.0404160937605798,3.609085,4.2856455
-2.027837144196656,3.4803302,4.1377344
-2.015258194632733,3.3510516,3.9816663
-2.00267924506881,3.2212658,3.8181906
-1.9901002955048868,3.09099,3.6481056
-1.9775213459409637,2.9602416,3.4722452
-1.9649423963770407,2.829039,3.2914696
-1.9523634468131177,2.697401,3.1066527
-1.9397844972491938,2.5653462,2.918674
-1.9272055476852716,2.432895,2.7284017
-1.9146265981213477,2.3000674,2.536677
-1.9020476485574256,2.1668844,2.3443003
-1.8894686989935017,2.0333676,2.1520095
-1.8768897494295795,1.8995392,1.9604666
-1.8643107998656556,1.7654226,1.7702401
-1.8517318503017326,1.6310395,1.5817986
-1.8391529007378096,1.496416,1.3954984
-1.8265739511738865,1.3615757,1.2115915
-1.8139950016099635,1.2265433,1.0302198
-1.8014160520460405,1.0913445,0.85142577
-1.7888371024821175,0.95600575,0.67516756
-1.776258152918194,0.8205561,0.5013298
-1.763679203354271,0.6850173,0.32972896
-1.751100253790348,0.549419,0.16014671
-1.738521304226425,0.4137888,-0.0076613426
-1.725942354662502,0.27815506,-0.173949
-1.7133634050985789,0.14254513,-0.33896542
-1.7007844555346554,0.006988667,-0.5029321
-1.6882055059707324,-0.1284864,-0.66603684
-1.6756265564068094,-0.26385072,-0.8284137
-1.6630476068428863,-0.39907646,-0.99013925
-1.6504686572789633,-0.534135,-1.1512183
-1.6378897077150403,-0.66899645,-1.3115844
-1.6253107581511173,-0.80363363,-1.4710934
-1.6127318085871938,-0.9380175,-1.6295345
-1.6001528590232708,-1.0721203,-1.7866293
-1.5875739094593477,-1.2059139,-1.9420456
-1.5749949598954247,-1.3393681,-2.0954106
-1.5624160103315017,-1.4724623,-2.2463365
-1.5498370607675787,-1.6051661,-2.394416
-1.5372581112036552,-1.737455,-2.539261
-1.5246791616397322,-1.8693023,-2.6805067
-1.5121002120758091,-2.0006843,-2.817827
-1.499521262511886,-2.1315768,-2.950946
-1.486942312947963,-2.2619562,-3.0796492
-1.47436336338404,-2.3918009,-3.2037811
-1.461784413820117,-2.5210888,-3.3232458
-1.4492054642561936,-2.6498,-3.4380107
-1.4366265146922705,-2.7779145,-3.5480976
-1.4240475651283475,-2.9054134,-3.6535807
-1.4114686155644245,-3.0322795,-3.7545736
-1.3988896660005015,-3.1584954,-3.8512316
-1.3863107164365784,-3.2840471,-3.9437394
-1.373731766872655,-3.408918,-4.0323043
-1.361152817308732,-3.5330932,-4.117156
-1.348573867744809,-3.6565645,-4.1985416
-1.335994918180886,-3.7793186,-4.276716
-1.3234159686169629,-3.9013448,-4.3519454
-1.3108370190530398,-4.0226336,-4.4245024
-1.2982580694891164,-4.1431766,-4.4946666
-1.2856791199251933,-4.262966,-4.5627227
-1.2731001703612703,-4.3819957,-4.6289597
-1.2605212207973473,-4.50026,-4.6936703
-1.2479422712334243,-4.617753,-4.7571516
-1.2353633216695012,-4.734471,-4.819705
-1.2227843721055782,-4.8504114,-4.881636
-1.2102054225416548,-4.965571,-4.9432545
-1.1976264729777317,-5.079946,-5.0048695
-1.1850475234138087,-5.193537,-5.066798
-1.1724685738498857,-5.306341,-5.129354
-1.1598896242859627,-5.4183555,-5.192852
-1.1473106747220396,-5.5295835,-5.2576056
-1.1347317251581162,-5.640023,-5.3239217
-1.1221527755941931,-5.7496734,-5.392099
-1.10957382603027,-5.858533,-5.462424
-1.096994876466347,-5.9666023,-5.535166
-1.084415926902424,-6.0738792,-5.6105757
-1.071836977338501,-6.1803637,-5.6888766
-1.0592580277745776,-6.286053,-5.7702646
-1.0466790782106545,-6.3909464,-5.854899
-1.0341001286467315,-6.4950395,-5.9429064
-1.0215211790828085,-6.5983315,-6.0343704
-1.0089422295188855,-6.700816,-6.1293397
-0.9963632799549624,-6.80249,-6.227821
-0.9837843303910394,-6.9033475,-6.3297853
-0.9712053808271159,-7.003382,-6.4351697
-0.9586264312631929,-7.102585,-6.5438795
-0.9460474816992699,-7.20095,-6.6558046
-0.9334685321353469,-7.2984686,-6.7708044
-0.9208895825714238,-7.3951297,-6.8887234
-0.9083106330075008,-7.4909215,-7.0093904
-0.8957316834435773,-7.585832,-7.132617
-0.8831527338796543,-7.679849,-7.2582016
-0.8705737843157313,-7.772957,-7.385916
-0.8579948347518083,-7.8651423,-7.5155115
-0.8454158851878852,-7.956388,-7.6467123
-0.8328369356239622,-8.0466795,-7.7792087
-0.8202579860600392,-8.135999,-7.9126635
-0.8076790364961157,-8.224326,-8.046708
-0.7951000869321927,-8.311646,-8.18096
-0.7825211373682697,-8.397936,-8.315016
-0.7699421878043466,-8.48318,-8.448472
-0.7573632382404236,-8.567353,-8.580934
-0.7447842886765006,-8.650442,-8.712037
-0.7322053391125771,-8.732424,-8.84144
-0.7196263895486541,-8.813277,-8.96884
-0.7070474399847311,-8.892984,-9.093974
-0.694468490420808,-8.971524,-9.216619
-0.681889540856885,-9.048879,-9.336577
-0.669310591292962,-9.125028,-9.453672
-0.656731641729039,-9.199952,-9.567727
-0.6441526921651155,-9.273636,-9.678562
-0.6315737426011925,-9.34606,-9.785973
-0.6189947930372695,-9.41721,-9.88973
-0.6064158434733464,-9.487067,-9.989574
-0.5938368939094234,-9.555619,-10.085219
-0.5812579443455004,-9.622849,-10.176356
-0.5686789947815769,-9.688746,-10.2626705
-0.5561000452176539,-9.753297,-10.343853
-0.5435210956537309,-9.816487,-10.419613
-0.5309421460898078,-9.878309,-10.489697
-0.5183631965258848,-9.938752,-10.553897
-0.5057842469619618,-9.997807,-10.612047
-0.4932052973980383,-10.055464,-10.664044
-0.4806263478341153,-10.111716,-10.709825
-0.46804739827019226,-10.166554,-10.749375
-0.45546844870626924,-10.219974,-10.782716
-0.4428894991423462,-10.271968,-10.809898
-0.4303105495784232,-10.322532,-10.83099
-0.41773160001450016,-10.371658,-10.846069
-0.4051526504505767,-10.419346,-10.855224
-0.39257370088665366,-10.465586,-10.8585415
-0.37999475132273064,-10.510378,-10.856118
-0.3674158017588076,-10.553716,-10.848048
-0.3548368521948846,-10.595596,-10.83444
-0.34225790263096156,-10.636016,-10.815423
-0.3296789530670381,-10.6749735,-10.791148
-0.31710000350311507,-10.712463,-10.761809
-0.30452105393919204,-10.748483,-10.727649
-0.291942104375269,-10.7830305,-10.688968
-0.279363154811346,-10.816104,-10.646133
-0.26678420524742297,-10.847699,-10.599587
-0.2542052556834995,-10.877814,-10.549841
-0.24162630611957647,-10.906446,-10.497473
-0.22904735655565345,-10.933595,-10.443126
-0.21646840699173042,-10.95926,-10.387476
-0.2038894574278074,-10.983436,-10.331231
-0.19131050786388437,-11.006124,-10.2751
-0.17873155829996135,-11.027322,-10.219771
-0.16615260873603788,-11.04703,-10.16589
-0.15357365917211485,-11.065249,-10.114044
-0.14099470960819183,-11.081977,-10.064745
-0.1284157600442688,-11.097215,-10.018415
-0.11583681048034578,-11.110963,-9.975387
-0.10325786091642275,-11.123221,-9.9359045
-0.09067891135249928,-11.133992,-9.900123
-0.07809996178857626,-11.143276,-9.868115
-0.06552101222465323,-11.151076,-9.839889
-0.052942062660730205,-11.157392,-9.815389
-0.04036311309680718,-11.162227,-9.794516
-0.027784163532884154,-11.165584,-9.777133
-0.015205213968961129,-11.167463,-9.763081
-0.0026262644050381034,-11.1678705,-9.752173
0.009952685158884922,-11.166806,-9.744227
0.022531634722807947,-11.164274,-9.739048
0.03511058428673186,-11.160278,-9.736444
0.047689533850654886,-11.154821,-9.736228
0.06026848341457791,-11.147906,-9.738215
0.07284743297850094,-11.139537,-9.742233
0.08542638254242396,-11.129716,-9.748113
0.09800533210634699,-11.118446,-9.7556925
0.11058428167027001,-11.105735,-9.764818
0.12316323123419304,-11.09158,-9.775344
0.13574218079811606,-11.07599,-9.787121
0.1483211303620391,-11.058965,-9.800007
0.16090007992596211,-11.04051,-9.813859
0.17347902948988514,-11.020629,-9.828529
0.18605797905380816,-10.999325,-9.84387
0.19863692861773208,-10.976602,-9.859729
0.2112158781816551,-10.952462,-9.875941
0.22379482774557813,-10.926911,-9.892334
0.23637377730950115,-10.899952,-9.908727
0.24895272687342418,-10.87159,-9.924922
0.2615316764373472,-10.841826,-9.940706
0.27411062600127023,-10.810666,-9.955852
0.28668957556519326,-10.778115,-9.97011
0.2992685251291163,-10.744177,-9.983216
0.3118474746930393,-10.708857,-9.994878
0.32442642425696233,-10.672157,-10.004784
0.33700537382088536,-10.634085,-10.012595
0.34958432338480927,-10.594644,-10.017956
0.3621632729487323,-10.55384,-10.020477
0.3747422225126553,-10.511676,-10.019756
0.38732117207657835,-10.468163,-10.015363
0.39990012164050137,-10.423301,-10.00685
0.4124790712044244,-10.377099,-9.993765
0.4250580207683474,-10.329564,-9.975648
0.43763697033227045,-10.280698,-9.952051
0.4502159198961935,-10.23051,-9.922549
0.4627948694601165,-10.179007,-9.886754
0.4753738190240395,-10.126194,-9.844352
0.48795276858796255,-10.072079,-9.795095
0.5005317181518856,-10.016666,-9.738855
0.5131106677158095,-9.959964,-9.675625
0.5256896172797325,-9.90198,-9.605533
0.5382685668436555,-9.842719,-9.528852
0.5508475164075786,-9.782186,-9.445999
0.5634264659715016,-9.720391,-9.357504
0.5760054155354246,-9.657336,-9.2639885
0.5885843650993476,-9.593032,-9.166125
0.6011633146632707,-9.527481,-9.064586
0.6137422642271937,-9.4606905,-8.959999
0.6263212137911167,-9.392668,-8.852911
0.6389001633550397,-9.323414,-8.743743
0.6514791129189628,-9.252938,-8.632784
0.6640580624828858,-9.181243,-8.520181
0.6766370120468097,-9.108333,-8.405942
0.6892159616107327,-9.034214,-8.289969
0.7017949111746558,-8.958892,-8.17207
0.7143738607385788,-8.882367,-8.052002
0.7269528103025018,-8.804648,-7.9295073
0.7395317598664248,-8.725736,-7.8043375
0.7521107094303479,-8.645635,-7.6762943
0.7646896589942709,-8.564347,-7.545252
0.7772686085581939,-8.481879,-7.411177
0.7898475581221169,-8.398234,-7.2741337
0.80242650768604,-8.3134165,-7.1342955
0.815005457249963,-8.2274275,-6.991933
0.827584406813886,-8.140273,-6.8473997
0.8401633563778099,-8.051958,-6.701124
0.852742305941733,-7.962484,-6.5535803
0.865321255505656,-7.871859,-6.405264
0.877900205069579,-7.7800846,-6.256688
0.890479154633502,-7.687168,-6.108356
0.903058104197425,-7.5931153,-5.960761
0.9156370537613481,-7.497931,-5.814372
0.9282160033252711,-7.4016247,-5.669651
0.9407949528891941,-7.3041997,-5.527033
0.9533739024531172,-7.205666,-5.386944
0.9659528520170402,-7.1060305,-5.249794
0.9785318015809632,-7.005303,-5.1159754
0.9911107511448862,-6.903493,-4.9858513
1.0036897007088101,-6.800609,-4.859749
1.0162686502727332,-6.6966634,-4.7379417
1.0288475998366562,-6.5916667,-4.6206465
1.0414265494005792,-6.4856334,-4.508003
1.0540054989645022,-6.3785725,-4.400071
1.0665844485284253,-6.270499,-4.296834
1.0791633980923483,-6.161427,-4.198187
1.0917423476562713,-6.0513716,-4.1039557
1.1043212972201943,-5.9403486,-4.0139
1.1169002467841174,-5.828373,-3.9277189
1.1294791963480404,-5.715463,-3.8450727
1.1420581459119634,-5.6016374,-3.765586
1.1546370954758864,-5.4869103,-3.6888587
1.1672160450398104,-5.371302,-3.6144803
1.1797949946037334,-5.2548327,-3.542036
1.1923739441676564,-5.1375213,-3.4711099
1.2049528937315794,-5.0193877,-3.4012897
1.2175318432955025,-4.9004545,-3.3321753
1.2301107928594255,-4.78074,-3.2633734
1.2426897424233485,-4.6602674,-3.1945033
1.2552686919872715,-4.5390577,-3.125196
1.2678476415511946,-4.417135,-3.0550957
1.2804265911151176,-4.294518,-2.9838538
1.2930055406790406,-4.1712327,-2.9111366
1.3055844902429636,-4.0473,-2.8366199
1.3181634398068875,-3.9227438,-2.7599902
1.3307423893708106,-3.7975872,-2.6809435
1.3433213389347336,-3.671853,-2.599191
1.3559002884986566,-3.5455637,-2.514457
1.3684792380625797,-3.4187443,-2.426483
1.3810581876265027,-3.2914155,-2.3350303
1.3936371371904257,-3.1636019,-2.2398858
1.4062160867543487,-3.035326,-2.1408675
1.4187950363182718,-2.906611,-2.0378294
1.4313739858821948,-2.777478,-1.9306724
1.4439529354461178,-2.6479502,-1.819351
1.4565318850100408,-2.5180495,-1.7038822
1.4691108345739639,-2.3877983,-1.5843573
1.4816897841378878,-2.2572165,-1.4609472
1.4942687337018108,-2.1263258,-1.3339105
1.5068476832657338,-1.9951462,-1.203596
1.5194266328296568,-1.8636992,-1.0704412
1.5320055823935799,-1.7320037,-0.9349561
1.544584531957503,-1.6000781,-0.79770315
1.557163481521426,-1.467943,-0.65926385
1.569742431085349,-1.3356158,-0.5201849
1.582321380649272,-1.2031131,-0.38091946
1.594900330213195,-1.0704535,-0.2417649
1.607479279777118,-0.9376528,-0.10279918
1.620058229341041,-0.80472827,0.036157846
1.632637178904964,-0.6716941,0.17556018
1.645216128468888,-0.53856456,0.3160985
1.657795078032811,-0.4053551,0.45862997
1.670374027596734,-0.27207935,0.6040787
1.682952977160657,-0.13874924,0.75331837
1.69553192672458,-0.0053783134,0.9070729
1.708110876288503,0.12802225,1.0658443
1.7206898258524261,0.26144135,1.2298801
1.7332687754163492,0.39486766,1.3991835
1.7458477249802722,0.52829117,1.5735487
1.7584266745441952,0.66170216,1.7526164
1.7710056241081182,0.7950915,1.9359341
1.7835845736720413,0.92845,2.1230035
1.7961635232359643,1.061769,2.3133254
1.8087424727998882,1.1950411,2.5064273
1.8213214223638112,1.3282565,2.7018685
1.8339003719277343,1.4614078,2.8992505
1.8464793214916573,1.5944868,3.0982046
1.8590582710555803,1.7274854,3.2983785
1.8716372206195033,1.8603941,3.4994173
1.8842161701834264,1.993206,3.700947
1.8967951197473494,2.12591,3.902547
1.9093740693112724,2.258497,4.1037407
1.9219530188751954,2.3909552,4.3039722
1.9345319684391185,2.5232744,4.5026016
1.9471109180030415,2.6554403,4.698899
1.9596898675669654,2.7874393,4.8920503
1.9722688171308884,2.9192567,5.081165
1.9848477666948114,3.0508745,5.265307
1.9974267162587345,3.1822755,5.4435186
2.0100056658226575,3.313439,5.6148553
2.0225846153865805,3.4443417,5.778431
2.0351635649505035,3.5749614,5.933452
2.0477425145144266,3.705271,6.079255
2.0603214640783496,3.8352432,6.2153335
2.0729004136422726,3.964848,6.3413544
2.0854793632061956,4.094053,6.4571695
2.0980583127701187,4.2228246,6.5628085
2.1106372623340417,4.3511267,6.658472
2.1232162118979656,4.4789224,6.7445116
2.1357951614618886,4.606171,6.821406
2.1483741110258117,4.7328334,6.889744
2.1609530605897347,4.858866,6.9501953
2.1735320101536577,4.9842267,7.0034857
2.1861109597175807,5.108871,7.050386
2.1986899092815038,5.2327533,7.0916862
2.211268858845427,5.3558292,7.128185
2.22384780840935,5.4780517,7.1606793
2.236426757973273,5.5993752,7.1899505
2.249005707537196,5.7197537,7.2167635
2.261584657101119,5.8391423,7.2418528
2.274163606665042,5.957496,7.2659264
2.286742556228966,6.07477,7.289654
2.299321505792889,6.1909204,7.313666
2.311900455356812,6.305907,7.338551
2.324479404920735,6.4196863,7.364852
2.337058354484658,6.5322185,7.393057
2.349637304048581,6.643466,7.423602
2.362216253612504,6.7533913,7.456867
2.374795203176427,6.8619576,7.49317
2.38737415274035,6.969132,7.5327673
2.399953102304273,7.0748816,7.575853
2.412532051868196,7.179175,7.6225615
2.425111001432119,7.281983,7.672966
2.437689950996042,7.3832784,7.7270865
2.450268900559966,7.483035,7.784894
2.462847850123889,7.5812283,7.8463135
2.475426799687812,7.677834,7.911239
2.488005749251735,7.7728333,7.979533
2.500584698815658,7.866204,8.05104
2.513163648379581,7.95793,8.125591
2.525742597943504,8.047992,8.203015
2.5383215475074272,8.136376,8.283135
2.5509004970713502,8.223067,8.365782
2.5634794466352733,8.308054,8.45079
2.5760583961991963,8.391324,8.538008
2.5886373457631193,8.472865,8.627285
2.6012162953270423,8.5526705,8.718487
2.6137952448909663,8.63073,8.811479
2.6263741944548893,8.707036,8.906132
2.6389531440188123,8.781583,9.002313
2.6515320935827353,8.854364,9.09989
2.6641110431466584,8.925376,9.198717
2.6766899927105814,8.994612,9.298634
2.6892689422745044,9.062067,9.399465
2.7018478918384274,9.127742,9.501013
2.7144268414023505,9.19163,9.603048
2.7270057909662735,9.253728,9.705316
2.7395847405301965,9.314034,9.807526
2.7521636900941195,9.372546,9.909345
2.7647426396580426,9.429261,10.0104065
2.7773215892219665,9.484178,10.110302
2.7899005387858895,9.537292,10.208584
2.8024794883498125,9.588599,10.304783
2.8150584379137356,9.638103,10.398407
2.8276373874776586,9.685795,10.488953
2.8402163370415816,9.731674,10.575925
2.8527952866055046,9.775739,10.65885
2.8653742361694277,9.817983,10.7372875
2.8779531857333507,9.858405,10.810841
2.8905321352972737,9.896999,10.879172
2.9031110848611967,9.933764,10.942002
2.9156900344251198,9.968696,10.9991255
2.9282689839890437,10.00179,11.050404
2.9408479335529667,10.033041,11.095776
2.9534268831168897,10.062446,11.135248
2.9660058326808127,10.089999,11.168915
2.9785847822447358,10.115699,11.196936
2.991163731808659,10.139541,11.219555
3.003742681372582,10.161517,11.237091
3.016321630936505,10.181628,11.249939
3.028900580500428,10.199865,11.258554
3.041479530064351,10.216229,11.263461
3.054058479628274,10.230714,11.265213
3.066637429192197,10.243316,11.2644005
3.07921637875612,10.254032,11.261602
3.091795328320044,10.262858,11.257385
3.104374277883967,10.26979,11.252263
3.11695322744789,10.274828,11.246673
3.129532177011813,10.277966,11.240962
3.142111126575736,10.279202,11.235363
3.154690076139659,10.278533,11.229983
3.167269025703582,10.275958,11.224806
3.179847975267505,10.271472,11.219671
3.192426924831428,10.265073,11.2142935
3.205005874395351,10.256758,11.208273
3.217584823959274,10.246527,11.201092
3.230163773523197,10.234374,11.192143
3.24274272308712,10.220299,11.180741
3.255321672651044,10.204297,11.166143
3.267900622214967,10.186368,11.1475725
3.28047957177889,10.166507,11.124248
3.293058521342813,10.144712,11.09541
3.305637470906736,10.12098,11.060355
3.3182164204706592,10.09531,11.018471
3.3307953700345823,10.067698,10.96927
3.3433743195985053,10.038139,10.912413
3.3559532691624283,10.006633,10.847747
3.3685322187263513,9.973176,10.775298
3.3811111682902744,9.937766,10.695282
3.3936901178541974,9.900401,10.608079
3.4062690674181204,9.861079,10.514196
3.4188480169820443,9.819797,10.414231
3.4314269665459673,9.776553,10.308816
3.4440059161098904,9.731349,10.198578
3.4565848656738134,9.68418,10.084099
3.4691638152377364,9.635051,9.965897
3.4817427648016595,9.583959,9.844428
3.4943217143655825,9.530907,9.720087
3.5069006639295055,9.475898,9.59323
3.5194796134934285,9.418934,9.46421
3.5320585630573516,9.360021,9.333393
3.5446375126212746,9.299163,9.201189
3.5572164621851976,9.236369,9.06806
3.5697954117491215,9.171648,8.934529
3.5823743613130445,9.105009,8.801179
3.5949533108769676,9.036464,8.668638
3.6075322604408906,8.966026,8.537548
3.6201112100048136,8.893711,8.408559
3.6326901595687366,8.819536,8.28229
3.6452691091326597,8.743519,8.159301
3.6578480586965827,8.665683,8.040068
3.6704270082605057,8.586049,7.924959
3.6830059578244287,8.504642,7.81422
3.6955849073883518,8.421491,7.707963
3.708163856952275,8.336621,7.606159
3.720742806516198,8.250064,7.5086513
3.7333217560801217,8.161853,7.4151583
3.7459007056440448,8.07202,7.3252974
3.758479655207968,7.980601,7.2386045
3.771058604771891,7.887631,7.154559
3.783637554335814,7.7931485,7.0726147
3.796216503899737,7.697193,6.9922185
3.80879545346366,7.5998006,6.9128466
3.821374403027583,7.5010114,6.8340216
3.833953352591506,7.400864,6.7553387
3.846532302155429,7.2994003,6.676483
3.859111251719352,7.1966577,6.5972404
3.871690201283275,7.0926743,6.517516
3.884269150847198,6.987491,6.4373317
3.896848100411122,6.881142,6.3568273
3.909427049975045,6.773667,6.276259
3.922005999538968,6.6650977,6.195979
3.93458494910289,6.555471,6.1164246
3.947163898666814,6.444819,6.038098
3.959742848230736,6.3331723,5.96153
3.97232179779466,6.2205625,5.887267
3.984900747358584,6.107017,5.815818
3.997479696922506,5.9925637,5.7476363
4.01005864648643,5.8772273,5.6830606
4.022637596050352,5.7610335,5.6222844
4.035216545614276,5.644005,5.565294
4.047795495178198,5.5261617,5.5118294
4.060374444742122,5.4075274,5.46134
4.072953394306044,5.2881207,5.4129624
4.085532343869968,5.16796,5.3655243
4.09811129343389,5.0470643,5.3175874
4.110690242997814,4.925449,5.267518
4.123269192561736,4.8031325,5.2135973
4.13584814212566,4.68013,5.1541433
4.148427091689584,4.5564575,5.087629
4.161006041253506,4.4321294,5.0127716
4.17358499081743,4.307162,4.928609
4.186163940381352,4.1815696,4.8345013
4.198742889945276,4.0553694,4.730137
4.211321839509198,3.9285734,4.615482
4.223900789073122,3.801198,4.490747
4.236479738637044,3.673259,4.3563247
4.249058688200968,3.544773,4.212753
4.26163763776489,3.4157536,4.0606723
4.274216587328814,3.2862196,3.900803
4.286795536892736,3.1561863,3.73392
4.29937448645666,3.025672,3.560842
4.311953436020584,2.8946948,3.382415
4.324532385584506,2.7632716,3.1995084
4.33711133514843,2.6314228,3.0130017
4.349690284712352,2.499167,2.8237686
4.362269234276276,2.3665278,2.6326709
4.374848183840198,2.2335193,2.4405224
4.387427133404122,2.100167,2.2481022
4.400006082968044,1.9664922,2.0561085
4.412585032531968,1.8325163,1.8651578
4.42516398209589,1.6982641,1.6757724
4.437742931659814,1.5637573,1.4883633
4.450321881223736,1.4290218,1.3032358
4.46290083078766,1.2940825,1.1205845
4.475479780351584,1.1589636,0.94050205
4.488058729915506,1.0236919,0.7629867
4.50063767947943,0.8882926,0.5879555
4.513216629043352,0.75279367,0.4152596
4.525795578607276,0.61722183,0.24469721
4.5383745281711985,0.48160368,0.07603419
4.550953477735122,0.34596857,-0.09098184
4.5635324272990445,0.21034569,-0.25660145
4.576111376862968,0.07475933,-0.42106616
4.588690326426891,-0.060760237,-0.5845814
4.6012692759908145,-0.19618303,-0.7473086
4.613848225554737,-0.331482,-0.9093555
4.6264271751186605,-0.46662736,-1.0707612
4.639006124682584,-0.60159093,-1.2314968
4.651585074246507,-0.7363442,-1.3914566
4.6641640238104305,-0.8708582,-1.5504634
4.676742973374353,-1.0051045,-1.7082686
4.6893219229382765,-1.1390563,-1.864569
4.701900872502199,-1.2726852,-2.0190096
4.714479822066123,-1.405964,-2.171206
4.727058771630045,-1.5388665,-2.3207586
4.739637721193969,-1.6713662,-2.467269
4.752216670757891,-1.8034375,-2.6103573
4.764795620321815,-1.9350525,-2.7496748
4.777374569885739,-2.0661926,-2.8849258
4.789953519449661,-2.196831,-3.0158606
4.802532469013585,-2.3269458,-3.1422937
4.815111418577507,-2.4565148,-3.2640994
4.827690368141431,-2.5855172,-3.3812149
4.840269317705353,-2.713932,-3.4936352
4.852848267269277,-2.841741,-3.6014078
4.865427216833199,-2.968926,-3.7046285
4.878006166397123,-3.095469,-3.803434
4.890585115961045,-3.2213547,-3.8979914
4.903164065524969,-3.3465676,-3.9885006
4.915743015088891,-3.471094,-4.07518
4.928321964652815,-3.5949197,-4.158268
4.940900914216739,-3.7180343,-4.238015
4.953479863780661,-3.840425,-4.3146825
4.966058813344585,-3.9620814,-4.38854
4.978637762908507,-4.0829988,-4.4598656
4.991216712472431,-4.203165,-4.52894
5.003795662036353,-4.3225756,-4.5960503
5.016374611600277,-4.4412227,-4.6614866
5.028953561164199,-4.559102,-4.7255454
5.041532510728123,-4.6762085,-4.7885246
5.054111460292045,-4.792538,-4.85073
5.066690409855969,-4.9080877,-4.9124646
5.079269359419891,-5.0228558,-4.974042
5.091848308983815,-5.136839,-5.035774
5.104427258547739,-5.2500367,-5.0979776
5.117006208111661,-5.3624473,-5.160966
5.129585157675585,-5.47407,-5.225054
5.142164107239507,-5.5849037,-5.29055
5.154743056803431,-5.6949487,-5.3577614
5.167322006367353,-5.8042035,-5.426977
5.179900955931277,-5.9126654,-5.498476
5.192479905495199,-6.0203385,-5.572522
5.205058855059123,-6.1272197,-5.649351
5.217637804623045,-6.2333074,-5.7291737
5.230216754186969,-6.3385987,-5.812166
5.242795703750891,-6.443092,-5.898474
5.255374653314815,-6.546785,-5.988202
5.267953602878739,-6.649675,-6.0814157
5.280532552442661,-6.7517543,-6.178143
5.293111502006585,-6.853021,-6.278371
5.3056904515705074,-6.953468,-6.3820543
5.318269401134431,-7.0530887,-6.4891157
5.3308483506983535,-7.151874,-6.599451
5.343427300262277,-7.2498174,-6.7129316
5.3560062498261996,-7.3469086,-6.8294115
5.3685851993901235,-7.4431357,-6.9487257
5.381164148954046,-7.538487,-7.070696
5.3937430985179695,-7.632952,-7.1951275
5.406322048081892,-7.7265167,-7.321806
5.418900997645816,-7.8191657,-7.4504952
5.4314799472097395,-7.9108834,-7.5809298
5.444058896773662,-8.001655,-7.712819
5.4566378463375855,-8.091462,-7.8458366
5.469216795901508,-8.180287,-7.979636
5.481795745465432,-8.268113,-8.113832
5.494374695029354,-8.35492,-8.248037
5.506953644593278,-8.44069,-8.381843
5.5195325941572,-8.525402,-8.514851
5.532111543721124,-8.609036,-8.64668
5.544690493285046,-8.691574,-8.776974
5.55726944284897,-8.772994,-8.905409
5.569848392412892,-8.853276,-9.031707
5.582427341976816,-8.932401,-9.155619
5.59500629154074,-9.01035,-9.276945
5.607585241104662,-9.087105,-9.395494
5.620164190668586,-9.162643,-9.51109
5.632743140232508,-9.23695,-9.62356
5.645322089796432,-9.310006,-9.732708
5.657901039360354,-9.381795,-9.838323
5.670479988924278,-9.4523,-9.940158
5.6830589384882,-9.521507,-10.03794
5.695637888052124,-9.5894,-10.13137
5.708216837616046,-9.655965,-10.220136
5.72079578717997,-9.72119,-10.303922
5.733374736743892,-9.785063,-10.382427
5.745953686307816,-9.847571,-10.45538
5.75853263587174,-9.908705,-10.522545
5.771111585435662,-9.968454,-10.583737
5.783690534999586,-10.026811,-10.638821
5.796269484563508,-10.083766,-10.687714
5.808848434127432,-10.139312,-10.730377
5.821427383691354,-10.193441,-10.76682
5.834006333255278,-10.246149,-10.797074
5.8465852828192,-10.297429,-10.8212
5.859164232383124,-10.347275,-10.839275
5.871743181947046,-10.395682,-10.851381
5.88432213151097,-10.442646,-10.857607
5.896901081074892,-10.488163,-10.858043
5.909480030638816,-10.5322275,-10.852784
5.92205898020274,-10.574838,-10.84193
5.934637929766662,-10.615989,-10.825601
5.947216879330586,-10.655679,-10.80393
5.959795828894508,-10.693901,-10.777098
5.972374778458432,-10.730658,-10.745314
5.984953728022354,-10.765942,-10.708851
5.997532677586278,-10.799752,-10.668043
6.0101116271502,-10.832086,-10.623293
6.022690576714124,-10.862941,-10.575078
6.0352695262780465,-10.892314,-10.523945
6.04784847584197,-10.920207,-10.470506
6.0604274254058925,-10.946614,-10.415421
6.073006374969816,-10.971533,-10.359384
6.08558532453374,-10.9949665,-10.303109
6.0981642740976625,-11.01691,-10.2472925
6.110743223661586,-11.037364,-10.192611
6.1233221732255085,-11.056327,-10.139678
6.1359011227894324,-11.0738,-10.089047
6.148480072353355,-11.089783,-10.041184
6.1610590219172785,-11.104276,-9.99647
6.173637971481201,-11.117278,-9.955191
6.1862169210451246,-11.128793,-9.917543
6.198795870609047,-11.13882,-9.883645
6.211374820172971,-11.147362,-9.853531
6.223953769736893,-11.15442,-9.827178
6.236532719300817,-11.159994,-9.804506
6.249111668864741,-11.16409,-9.785398
6.261690618428663,-11.166707,-9.769701
6.274269567992587,-11.167851,-9.757244
6.286848517556509,-11.167521,-9.747843
6.299427467120433,-11.165724,-9.741305
6.312006416684355,-11.16246,-9.737438
6.324585366248279,-11.157733,-9.736051
6.337164315812201,-11.151547,-9.736958
6.349743265376125,-11.143903,-9.739982
6.362322214940047,-11.134807,-9.74495
6.374901164503971,-11.124263,-9.7516985
6.387480114067893,-11.112269,-9.760073
6.400059063631817,-11.098837,-9.769917
6.412638013195741,-11.083964,-9.781086
6.425216962759663,-11.0676565,-9.793436
6.437795912323587,-11.049916,-9.806823
6.450374861887509,-11.030747,-9.8211
6.462953811451433,-11.010156,-9.836126
6.475532761015355,-10.988139,-9.851747
6.488111710579279,-10.964707,-9.867802
6.500690660143201,-10.939863,-9.884125
6.513269609707125,-10.913608,-9.900542
6.525848559271047,-10.885947,-9.9168625
6.538427508834971,-10.856883,-9.9328785
6.551006458398895,-10.826421,-9.948374
6.563585407962817,-10.794566,-9.963109
6.576164357526741,-10.76132,-9.976825
6.588743307090663,-10.72669,-9.989245
6.601322256654587,-10.690679,-10.00007
6.613901206218509,-10.653293,-10.008973
6.626480155782433,-10.614535,-10.015607
6.639059105346355,-10.57441,-10.019597
6.651638054910279,-10.532927,-10.020551
6.664217004474201,-10.490088,-10.018046
6.676795954038125,-10.445901,-10.011651
6.689374903602047,-10.400368,-10.000909
6.701953853165971,-10.3534975,-9.985365
6.714532802729895,-10.305296,-9.964562
6.727111752293817,-10.255769,-9.938063
6.739690701857741,-10.204923,-9.90546
6.752269651421663,-10.152764,-9.866397
6.764848600985587,-10.0992985,-9.82059
6.777427550549509,-10.044534,-9.767852
6.790006500113433,-9.988476,-9.708108
6.8025854496773555,-9.931131,-9.641421
6.815164399241279,-9.872508,-9.567992
6.8277433488052015,-9.81261,-9.488165
6.840322298369125,-9.751446,-9.402418
6.852901247933048,-9.689019,-9.311331
6.8654801974969715,-9.625339,-9.215555
6.878059147060895,-9.560411,-9.115772
6.8906380966248175,-9.494241,-9.012635
6.903217046188741,-9.426831,-8.906735
6.915795995752664,-9.358195,-8.798567
6.9283749453165875,-9.288329,-8.688477
6.94095389488051,-9.217243,-8.576686
6.9535328444444335,-9.14494,-8.46327
6.966111794008356,-9.071425,-8.348185
6.97869074357228,-8.996704,-8.2312765
6.991269693136202,-8.92078,-8.112326
7.003848642700126,-8.843658,-7.9910765
7.016427592264048,-8.765342,-7.867272
7.029006541827972,-8.685834,-7.7406855
7.041585491391896,-8.605139,-7.611153
7.054164440955818,-8.523262,-7.478594
7.066743390519742,-8.440206,-7.343019
7.079322340083664,-8.355972,-7.20455
7.091901289647588,-8.270568,-7.06341
7.10448023921151,-8.183996,-6.919913
7.117059188775434,-8.096259,-6.774452
7.129638138339356,-8.007364,-6.6274786
7.14221708790328,-7.917314,-6.4794846
7.154796037467202,-7.826114,-6.330976
7.167374987031126,-7.733768,-6.1824603
7.179953936595048,-7.640283,-6.0344353
7.192532886158972,-7.545664,-5.887386
7.205111835722896,-7.4499173,-5.7417746
7.217690785286818,-7.3530498,-5.59805
7.230269734850742,-7.2550697,-5.456644
7.242848684414664,-7.155984,-5.317974
7.255427633978588,-7.0558014,-5.1824427
7.26800658354251,-6.9545307,-5.0504284
7.280585533106434,-6.852183,-4.9222775
7.293164482670356,-6.7487674,-4.7982917
7.30574343223428,-6.6442943,-4.678718
7.318322381798202,-6.538781,-4.56374
7.330901331362126,-6.4322314,-4.4534492
7.343480280926048,-6.3246627,-4.347872
7.356059230489972,-6.2160883,-4.246947
7.368638180053896,-6.106522,-4.150533
7.381217129617818,-5.9959817,-4.058425
7.393796079181742,-5.8844805,-3.9703467
7.406375028745664,-5.7720356,-3.8859787
7.418953978309588,-5.658665,-3.8049595
7.43153292787351,-5.5443854,-3.7269025
7.444111877437434,-5.429216,-3.651402
7.456690827001356,-5.3131742,-3.5780435
7.46926977656528,-5.1962814,-3.5064096
7.481848726129202,-5.0785565,-3.4360871
7.494427675693126,-4.9600205,-3.3666692
7.507006625257048,-4.840694,-3.2977586
7.519585574820972,-4.7205973,-3.2289696
7.532164524384896,-4.5997534,-3.159927
7.544743473948818,-4.4781837,-3.0902667
7.557322423512742,-4.3559113,-3.019638
7.569901373076664,-4.232957,-2.9477005
7.582480322640588,-4.109345,-2.8741226
7.5950592722045105,-3.985098,-2.7985883
7.607638221768434,-3.8602378,-2.7207863
7.6202171713323565,-3.7347894,-2.6404223
7.6327961208962805,-3.608775,-2.5572124
7.645375070460203,-3.482218,-2.4708896
7.6579540200241265,-3.3551404,-2.3812037
7.670532969588049,-3.2275662,-2.2879305
7.683111919151973,-3.0995188,-2.1908693
7.6956908687158965,-2.97102,-2.0898566
7.708269818279819,-2.8420928,-1.9847679
7.7208487678437425,-2.7127597,-1.8755302
7.733427717407665,-2.5830476,-1.7621338
7.746006666971589,-2.4529686,-1.6446204
7.758585616535511,-2.3225489,-1.5231254
7.771164566099435,-2.1918101,-1.3978636
7.783743515663357,-2.0607727,-1.2691394
7.796322465227281,-1.9294566,-1.1373453
7.808901414791203,-1.7978824,-1.0029567
7.821480364355127,-1.6660694,-0.8665148
7.834059313919049,-1.5340371,-0.7285981
7.846638263482973,-1.4018035,-0.58977437
7.859217213046897,-1.2693859,-0.45055282
7.871796162610819,-1.136803,-0.31131816
7.884375112174743,-1.0040704,-0.17226434
7.896954061738665,-0.87120605,-0.033342957
7.909533011302589,-0.7382237,0.10576576
7.922111960866511,-0.60514015,0.24563694
7.934690910430435,-0.4719693,0.38705742
7.947269859994357,-0.33872402,0.53093326
7.959848809558281,-0.20541966,0.6781753
7.972427759122203,-0.07206745,0.82959527
7.985006708686127,0.06131994,0.9858112
7.997585658250051,0.1947316,1.1472001
8.010164607813973,0.32815516,1.3138833
8.022743557377897,0.46158212,1.4857548
8.035322506941819,0.59500057,1.6625235
8.047901456505743,0.72840184,1.8437768
8.060480406069665,0.86177695,2.0290332
8.073059355633589,0.9951173,2.217791
8.085638305197511,1.1284132,2.4095602
8.098217254761435,1.2616583,2.6038847
8.110796204325357,1.3948431,2.800344
8.123375153889281,1.527959,2.9985569
8.135954103453203,1.6609939,3.1981573
8.148533053017127,1.7939487,3.3988085
8.161112002581051,1.9268107,3.6001422
8.173690952144973,2.0595698,3.801764
8.186269901708897,2.1922166,4.003225
8.19884885127282,2.324741,4.204011
8.211427800836743,2.4571314,4.403528
8.224006750400665,2.589376,4.6010895
8.23658569996459,2.7214603,4.7959204
8.249164649528511,2.8533704,4.9871683
8.261743599092435,2.9850905,5.1739163
8.274322548656357,3.1166027,5.355213
8.286901498220281,3.2478876,5.5301023
8.299480447784203,3.378924,5.6976643
8.312059397348127,3.509688,5.857055
8.324638346912051,3.6401565,6.007541
8.337217296475973,3.7703009,6.148535
8.349796246039897,3.9000936,6.2796144
8.36237519560382,4.029503,6.4005404
8.374954145167743,4.1584954,6.5112524
8.387533094731666,4.2870374,6.611869
8.40011204429559,4.4150906,6.702667
8.412690993859512,4.542618,6.7840667
8.425269943423435,4.669579,6.8566046
8.437848892987358,4.795932,6.920912
8.450427842551282,4.921634,6.977689
8.463006792115204,5.046643,7.0276856
8.475585741679128,5.1709123,7.0716863
8.488164691243052,5.294397,7.110485
